StockCode,units,sales_value,revenue_share,cumulative_share,ABC
22423,9199,113527.09,0.017982295394287747,0.017982295394287747,A
47566,16386,88920.87000000001,0.014084755903256746,0.032067051297544495,A
23166,76917,80353.07,0.012727646243534308,0.0447946975410788,A
85123A,26597,73641.27,0.01166452051532811,0.05645921805640691,A
85099B,33897,65966.82,0.010448914382125087,0.066908132438532,A
22502,1764,50293.86,0.007966372141124669,0.07487450457965666,A
84879,24746,39818.9,0.006307174984187514,0.08118167956384417,A
23298,6908,34949.600000000006,0.0055358948345474125,0.08671757439839159,A
22386,15663,30971.09,0.004905712716348771,0.09162328711474035,A
22720,5887,29105.600000000002,0.004610225601906836,0.0962335127166472,A
79321,5334,27807.68,0.004404639597384444,0.10063815231403164,A
20725,15066,27011.81,0.004278576563130226,0.10491672887716187,A
23203,13521,26505.18,0.004198328136824151,0.10911505701398602,A
85099F,13798,26096.28,0.00413355980191198,0.113248616815898,A
22960,6136,25544.5,0.004046159772961532,0.11729477658885953,A
22197,29599,24289.88,0.0038474323375310873,0.12114220892639062,A
21931,10251,22990.6,0.0036416309137485324,0.12478383984013915,A
23199,11397,22851.06,0.003619528264069774,0.1284033681042089,A
82484,3625,22407.26,0.0035492318907901902,0.1319525999949991,A
22178,16826,21921.88,0.00347234939042416,0.13542494938542324,A
22699,7583,21891.170000000002,0.003467485033453867,0.1388924344188771,A
21621,2466,21723.829999999998,0.003440978960662957,0.14233341337954006,A
22469,12242,21554.199999999997,0.003414110159853097,0.14574752353939316,A
23173,2427,21423.36,0.0033933855598533213,0.1491409090992465,A
48185,3324,21332.2,0.0033789461335618234,0.1525198552328083,A
22411,9121,20886.06,0.003308279112437548,0.15582813434524587,A
23245,4303,20401.77,0.0032315692642726768,0.15905970360951854,A
22090,6749,20284.29,0.00321296084171097,0.1622726644512295,A
48138,3091,20240.07,0.003205956547825384,0.1654786209990549,A
20685,3083,20176.4,0.0031958714417264404,0.16867449244078134,A
85099C,10048,20138.59,0.003189882469500886,0.17186437491028222,A
48187,3266,19890.16,0.003150532023322772,0.175014906933605,A
15056N,3390,19549.600000000002,0.0030965885062337792,0.17811149543983879,A
21175,9095,19487.71,0.003086785345931225,0.18119828078577002,A
22470,6366,19359.760000000002,0.003066518511859295,0.18426479929762932,A
23243,3952,19124.12,0.003029193957105799,0.1872939932547351,A
23284,3033,19055.39,0.0030183073646418384,0.19031230061937696,A
22629,10482,18848.59,0.002985550965375913,0.19329785158475288,A
21137,5374,18627.28,0.0029504962326798675,0.19624834781743275,A
21929,8805,18624.71,0.002950089153636766,0.1991984369710695,A
22457,6059,18341.49,0.002905228092707871,0.2021036650637774,A
23201,9271,18217.88,0.0028856486995102837,0.20498931376328766,A
22383,10107,17938.66,0.0028414212246406904,0.20783073498792834,A
22501,1502,17904.27,0.0028359739684958394,0.21066670895642417,A
48194,2900,17884.84,0.0028328963242127787,0.21349960528063694,A
22666,5709,17792.190000000002,0.002818220887114191,0.21631782616775114,A
22722,4253,17493.670000000002,0.0027709363595084645,0.2190887625272596,A
20713,8751,17409.56,0.0027576136286464863,0.22184637615590608,A
20728,9387,17127.59,0.002712950563361123,0.2245593267192672,A
22355,11373,16918.79,0.002679877371065546,0.22723920409033274,A
22630,9311,16828.21,0.0026655298147526467,0.2299047339050854,A
15036,21737,16816.28,0.0026636401443307775,0.23256837404941616,A
22326,5888,16721.5,0.002648627322655611,0.23521700137207177,A
20727,9159,16549.88,0.0026214433127812486,0.23783844468485302,A
22697,5354,16455.5,0.0026064938497120118,0.24044493853456503,A
21523,2626,16396.32,0.0025971199439646354,0.24304205847852967,A
20712,7274,16332.41,0.0025869968227021337,0.2456290553012318,A
21928,8072,16270.76,0.002577231677563138,0.24820628697879493,A
82482,6421,16180.63,0.00256295539968191,0.25076924237847686,A
23206,9599,16080.36,0.0025470729811403513,0.25331631535961724,A
22727,4145,15967.96,0.002529269212873958,0.2558455845724912,A
23209,9864,15892.8,0.0025173641308196687,0.25836294870331084,A
22961,10565,15717.699999999999,0.0024896289010737133,0.2608525776043846,A
23202,7869,15548.12,0.002462768020089595,0.2633153456244742,A
85066,1223,15521.93,0.0024586196153663135,0.2657739652398405,A
84997D,3745,15210.880000000001,0.002409350379429823,0.2681833156192703,A
21212,27150,15149.800000000001,0.0023996755203042775,0.27058299113957457,A
21731,8851,15123.039999999999,0.0023954368295675452,0.2729784279691421,A
21181,7418,14924.710000000001,0.002364022048782192,0.2753424500179243,A
22659,8242,14757.34,0.0023375112240958383,0.2776799612420201,A
22084,5092,14706.960000000001,0.0023295312076789263,0.280009492449699,A
84946,11382,14687.84,0.0023265026663154614,0.2823359951160145,A
21108,6777,14581.61,0.0023096762045455425,0.28464567132056,A
21733,4850,14457.380000000001,0.002289998605508763,0.2869356699260688,A
20726,7951,14419.22,0.0022839541945030195,0.2892196241205718,A
22969,9645,14371.949999999999,0.002276466791247215,0.291496090911819,A
22384,8690,14324.9,0.0022690142352246724,0.2937651051470437,A
22139,2871,14111.050000000001,0.0022351411405292267,0.29600024628757293,A
22726,3490,13954.0,0.0022102649678758723,0.2982105112554488,A
22138,2875,13926.65,0.0022059328231953932,0.30041644407864415,A
20724,12336,13864.82,0.0021961391666837286,0.30261258324532786,A
21623,1950,13683.15,0.002167363271835369,0.3047799465171632,A
84997B,3384,13640.45,0.0021605997406523177,0.3069405462578155,A
21915,11617,13517.2,0.0021410773702000676,0.3090816236280156,A
21843,1184,13390.14,0.0021209515090263313,0.31120257513704197,A
22698,4491,13356.61,0.0021156404738842307,0.3133182156109262,A
22385,6857,13353.43,0.0021151367729670854,0.3154333523838933,A
21166,6612,13212.09,0.0020927490095616406,0.31752610139345494,A
22189,4559,13153.650000000001,0.002083492317235235,0.3196095937106902,A
84078A,334,13105.69,0.002075895620384201,0.3216854893310744,A
22382,7512,13085.02,0.0020726215644227565,0.32375811089549716,A
20914,4567,13062.61,0.0020690718985255157,0.3258271827940227,A
84978,10287,13024.390000000001,0.002063017983728883,0.32789020077775155,A
82494L,4301,12855.050000000001,0.0020361951179083226,0.32992639589565986,A
22467,5270,12548.83,0.001987690937138439,0.3319140868327983,A
22693,11333,12546.93,0.0019873899837602707,0.3339014768165586,A
22728,3187,12223.93,0.0019362279094716148,0.3358377047260302,A
47566B,2449,12207.01,0.0019335478404407661,0.33777125256647095,A
21754,2021,12167.310000000001,0.0019272594988021916,0.33969851206527313,A
22499,1966,11944.42,0.0018919544996127222,0.34159046656488584,A
82486,1364,11862.66,0.0018790040005605842,0.3434694705654464,A
22171,1590,11785.380000000001,0.0018667631178948651,0.34533623368334126,A
22993,9296,11775.11,0.0018651363856876065,0.34720137006902885,A
84997C,2793,11496.03,0.0018209310863300892,0.3490223011553589,A
23240,2814,11353.92,0.0017984213576082288,0.35082072251296714,A
20719,9737,11343.92,0.001796837392459973,0.3526175599054271,A
22328,3939,11273.99,0.0017857607241782217,0.35440332062960533,A
22624,1324,11250.24,0.0017819988069511146,0.35618531943655646,A
22427,1870,11226.980000000001,0.0017783145040162723,0.35796363394057273,A
23200,5641,11175.18,0.001770109564548308,0.35973374350512105,A
22900,3810,11104.539999999999,0.0017589204347410303,0.36149266393986207,A
15056BL,1919,11055.43,0.001751141581897947,0.36324380552176,A
48184,1611,11006.07,0.0017433231299261575,0.36498712865168614,A
23174,2759,11002.25,0.0017427180552395238,0.36672984670692566,A
21936,3787,10980.25,0.0017392333319133613,0.368469080038839,A
22507,2336,10922.73,0.001730122364380595,0.3701992024032196,A
22607,1169,10876.26,0.0017227616783366513,0.3719219640815562,A
22379,4883,10799.39,0.0017105857382420104,0.3736325498197982,A
22492,17228,10764.93,0.001705127394341122,0.37533767721413935,A
82583,4429,10664.94,0.001689289326823714,0.37702696654096307,A
48188,1885,10646.630000000001,0.001686389086637258,0.37871335562760033,A
71477,3681,10582.03,0.0016761566717795268,0.38038951229937984,A
23084,5200,10508.380000000001,0.0016644907684626243,0.3820540030678425,A
47590B,2013,10451.070000000002,0.0016554130641979715,0.38370941613204046,A
22847,667,10403.609999999999,0.00164789556560435,0.3853573116976448,A
21930,4765,10234.54,0.0016211154668427927,0.3869784271644876,A
23207,6318,10234.16,0.001621055276167159,0.3885994824406548,A
22077,5759,10169.829999999998,0.0016108656283684304,0.3902103480690232,A
22087,3405,9992.470000000001,0.0015827724224989695,0.3917931204915222,A
21524,1319,9924.67,0.0015720331387937961,0.393365153630316,A
21232,7179,9869.36,0.0015632722275587946,0.3949284258578748,A
22086,3469,9839.35,0.0015585187481488795,0.3964869446060237,A
21977,20049,9731.04,0.001541362821628123,0.39802830742765183,A
22776,959,9718.68,0.0015394050407048791,0.3995677124683567,A
22112,1778,9653.41,0.0015290665001822146,0.4010967789685389,A
21755,1566,9625.57,0.001524656741209471,0.4026214357097484,A
22191,1169,9545.2,0.001511926413312941,0.40413336212306133,A
21430,2467,9510.68,0.0015064585656211626,0.4056398206886825,A
85152,4768,9427.550000000001,0.0014932910633437136,0.4071331117520262,A
22558,6078,9397.83,0.001488583518923098,0.4086216952709493,A
22111,1869,9369.36,0.0014840739701460143,0.4101057692410953,A
23108,1544,9340.039999999999,0.0014794297843313286,0.4115851990254267,A
82600,4379,9333.42,0.0014783811994031836,0.41306358022482986,A
82483,1443,9261.27,0.0014669528908585194,0.4145305331156884,A
22692,1279,9237.25,0.0014631482065724094,0.4159936813222608,A
22625,1093,9223.97,0.0014610447008555258,0.4174547260231163,A
22605,647,9212.21,0.0014591819578411772,0.41891390798095746,A
22662,5565,9122.87,0.0014450308132066619,0.42035893879416414,A
71459,11432,9086.0,0.0014391907337050432,0.42179812952786916,A
21216,1732,9025.95,0.0014296790229897686,0.42322780855085895,A
22424,653,9009.24,0.0014270322172270332,0.42465484076808596,A
84077,35746,8999.42,0.0014254767634514463,0.4260803175315374,A
22083,3036,8972.58,0.0014212254009935282,0.42750154293253095,A
23170,5615,8947.31,0.0014172227210638862,0.4289187656535948,A
21080,10443,8945.9,0.0014169993819779822,0.4303357650355728,A
84755,14205,8942.85,0.0014165162726077643,0.43175228130818055,A
21340,772,8906.73,0.001410794990492265,0.43316307629867284,A
20711,4058,8786.81,0.0013918000804343839,0.4345548763791072,A
22978,2245,8683.1,0.001375372777881825,0.435930249156989,A
22551,5451,8624.71,0.0013661240053811604,0.4372963731623702,A
47590A,1632,8595.880000000001,0.0013615574338587397,0.43865793059622893,A
22193,1012,8561.24,0.0013560705785851822,0.4400140011748141,A
20750,1185,8467.789999999999,0.0013412684242747335,0.44135526959908883,A
20723,7400,8450.03,0.0013384553021714317,0.44269372490126024,A
22554,5258,8446.13,0.0013378375557636117,0.44403156245702385,A
21217,824,8363.68,0.0013247777631162445,0.4453563402201401,A
23175,2795,8289.55,0.0013130358294722254,0.4466693760496123,A
22690,1410,8283.5,0.0013120775305575309,0.44798145358016983,A
23171,5240,8253.039999999999,0.0013072527727159442,0.44928870635288576,A
21485,1663,8102.55,0.0012834156811998459,0.4505721220340856,A
48173C,1544,8086.15,0.0012808179783567065,0.4518529400124423,A
22149,3947,8038.22,0.0012732260334011175,0.45312616604584344,A
22970,3437,8002.13,0.001267509503181063,0.4543936755490245,A
22989,2485,7831.27,0.0012404458746579678,0.4556341214236825,A
22570,2136,7816.78,0.0012381507091581453,0.45687227213284065,A
22846,495,7789.62,0.0012338486598154831,0.4581061207926561,A
22766,2614,7766.62,0.0012302055399744953,0.4593363263326306,A
84997A,1910,7704.97,0.0012204403948354995,0.4605567667274661,A
23208,4700,7704.13,0.001220307341763046,0.46177707406922913,A
20749,1069,7693.469999999999,0.0012186188349150053,0.46299569290414416,A
22729,1962,7466.9,0.0011827309365509782,0.46417842384069513,A
21218,1878,7418.28,0.0011750296980001594,0.4653534535386953,A
21559,3021,7393.639999999999,0.0011711268078748575,0.46652458034657013,A
48116,1282,7375.21,0.0011682075601066226,0.46769278790667673,A
22041,2773,7370.21,0.0011674155775324947,0.4688602034842092,A
22844,778,7336.9,0.0011621393896236554,0.4700223428738329,A
22910,2665,7311.950000000001,0.0011581873965787577,0.4711805302704116,A
22356,6680,7306.51,0.0011573257195381067,0.4723378559899497,A
21155,2480,7253.8099999999995,0.0011489782232067993,0.4734868342131565,A
22569,1966,7224.81,0.0011443847242768583,0.4746312189374334,A
22838,534,7224.78,0.0011443799723814135,0.4757755989098148,A
23077,5764,7093.74,0.001123623693078672,0.47689922260289347,A
85014B,1208,6998.320000000001,0.0011085094976340173,0.4780077321005275,A
22771,5069,6990.87,0.0011073294435985665,0.4791150615441261,A
22988,5930,6983.02,0.001106086030957186,0.4802211475750833,A
23301,4276,6931.44,0.0010979159387224835,0.48131906351380577,A
23355,1470,6907.46,0.0010941175902969666,0.48241318110410275,A
22622,652,6858.0599999999995,0.001086292802464584,0.48349947390656733,A
21790,8586,6857.719999999999,0.001086238947649543,0.48458571285421687,A
84991,13510,6823.68,0.0010808471302848812,0.48566655998450176,A
22556,4154,6814.19,0.0010793439473591865,0.48674590393186096,A
22169,809,6804.44,0.0010777995813396374,0.4878237035132006,A
23297,4288,6767.48,0.0010719452461516847,0.48889564875935226,A
22456,1241,6753.700000000001,0.0010697625421773886,0.48996541130152965,A
84947,5714,6696.35,0.0010606785020521425,0.4910260898035818,A
23076,5411,6694.0,0.0010603062702423025,0.4920863960738241,A
21922,857,6503.820000000001,0.0010301824210527774,0.4931165784948769,A
23300,4125,6501.049999999999,0.0010297436627067105,0.4941463221575836,A
22555,4015,6470.949999999999,0.001024975927610461,0.49517129808519406,A
21955,1099,6439.57,0.001020005444975235,0.49619130353016927,A
23134,1065,6431.110000000001,0.0010186654104598109,0.4972099689406291,A
21891,5151,6409.89,0.0010153042364152126,0.4982252731770443,A
22568,1743,6382.3,0.0010109340765711752,0.49923620725361545,A
22652,3757,6368.07,0.0010086800941652074,0.5002448873477806,A
20679,1090,6359.8,0.0010073701549876,0.5012522575027683,A
71053,1485,6356.93,0.0010069155569900508,0.5022591730597583,A
22730,1620,6345.91,0.0010051700273966731,0.503264343087155,A
22992,3397,6340.429999999999,0.0010043020144954288,0.5042686451016504,A
21314,2768,6298.77,0.0009977032156877961,0.5052663483173382,A
22192,735,6249.93,0.0009899671299037158,0.5062563154472419,A
84970S,7191,6247.66,0.0009896075698150617,0.507245923017057,A
20972,5135,6237.63,0.0009880188527713614,0.5082339418698283,A
23078,4944,6234.89,0.0009875848463207393,0.5092215267161491,A
22752,731,6232.1,0.000987142920044376,0.5102086696361935,A
85150,2719,6212.12,0.0009839781576781613,0.5111926477938716,A
22487,619,6200.2699999999995,0.0009821011589774783,0.5121747489528491,A
21035,1873,6193.17,0.000980976543722217,0.5131557254965713,A
22561,3876,6154.079999999999,0.0009747848239576856,0.5141305103205289,A
21213,11590,6097.820000000001,0.0009658734360335999,0.5150963837565625,A
21770,1265,6057.18,0.000959436201671089,0.5160558199582336,A
47556B,2600,6045.0,0.0009575069321205137,0.5170133268903541,A
84406B,1546,6023.4800000000005,0.0009540982391214676,0.5179674251294756,A
22655,44,6010.0,0.000951963054101619,0.5189193881835772,A
22352,2372,5990.45,0.0009488664022367793,0.519868254585814,A
21668,4544,5986.77,0.0009482835030622213,0.5208165380888762,A
82582,2965,5978.68,0.0009470020752572826,0.5217635401641335,A
22791,4869,5926.360000000001,0.0009387147696016092,0.5227022549337351,A
84375,2776,5896.780000000001,0.0009340294006930692,0.5236362843344282,A
21121,4846,5887.07,0.0009324913705341129,0.5245687757049623,A
75049L,6144,5880.179999999999,0.0009314000185469646,0.5255001757235093,A
21174,2662,5872.24,0.0009301423502192498,0.5264303180737285,A
22668,1938,5831.62,0.0009237082837870355,0.5273540263575156,A
22114,1205,5798.28,0.0009184273439827513,0.5282724537014983,A
23007,364,5772.929999999999,0.0009144119923319233,0.5291868656938302,A
21094,7281,5769.62,0.0009138876998678508,0.5301007533936981,A
22663,2834,5765.25,0.0009131955070980631,0.5310139489007961,A
48111,951,5741.37,0.0009094129983240287,0.5319233618991202,A
23008,368,5737.299999999999,0.0009087683245086886,0.5328321302236289,A
23256,1412,5728.400000000001,0.0009073585955267412,0.5337394888191556,A
22485,415,5714.45,0.0009051489641449245,0.5346446377833005,A
21669,4326,5700.13,0.0009028807260526225,0.5355475185093531,A
22968,607,5698.86,0.0009026795624787941,0.5364501980718319,A
22950,4214,5688.2,0.0009009910556307537,0.5373511891274627,A
22333,3642,5674.54,0.0008988273592382364,0.5382500164867009,A
22767,618,5651.5199999999995,0.000895181071466952,0.5391451975581678,A
22413,1851,5624.610000000001,0.0008909186212529963,0.5400361161794208,A
22804,1957,5583.37,0.0008843863489815901,0.5409205025284024,A
22835,1143,5582.85,0.0008843039827938809,0.5418048065111963,A
23344,2726,5573.03,0.0008827485290182937,0.5426875550402146,A
22088,1842,5519.42,0.0008742568918584955,0.5435618119320731,A
21877,4511,5494.900000000001,0.0008703730093149729,0.544432184941388,A
22783,419,5491.45,0.0008698265413388245,0.5453020114827268,A
22966,4519,5490.63,0.0008696966561966676,0.5461717081389235,A
23052,610,5485.78,0.0008689284330997637,0.5470406365720232,A
21210,3881,5475.4,0.0008672842772758743,0.5479079208492991,A
22741,6442,5445.339999999999,0.0008625228780402179,0.5487704437273393,A
21672,4067,5442.18,0.0008620223450533693,0.5496324660723927,A
22151,13104,5426.87,0.0008595972944113898,0.5504920633668041,A
21533,1086,5381.97,0.0008524852908957223,0.5513445486576999,A
23236,1926,5378.54,0.0008519419908498705,0.5521964906485498,A
22637,2136,5375.68,0.0008514889768174695,0.5530479796253672,A
84380,3982,5372.41,0.0008509710202139898,0.5538989506455813,A
22979,3460,5367.92,0.0008502598198624231,0.5547492104654437,A
22188,1974,5367.62,0.0008502123009079754,0.5555994227663517,A
21136,3250,5360.17,0.000849032246872525,0.5564484550132242,A
23135,1516,5316.17,0.0008420628002202003,0.5572905178134444,A
22560,4532,5312.13,0.0008414228783003051,0.5581319406917448,A
22840,719,5292.85,0.0008383689934944684,0.5589703096852392,A
22740,6298,5279.379999999999,0.0008362353924397678,0.559806545077679,A
22173,1711,5273.650000000001,0.0008353277804098176,0.5606418728580889,A
22621,3342,5226.82,0.0008279100716205365,0.5614697829297094,A
22667,1870,5222.900000000001,0.0008272891572824204,0.5622970720869919,A
20676,4115,5199.150000000001,0.0008235272400553133,0.5631205993270472,A
21914,4251,5194.32,0.0008227621848887057,0.5639433615119359,A
22631,2668,5183.53,0.0008210530864937379,0.5647644145984296,A
22508,1263,5178.65,0.0008202801115013892,0.565584694709931,A
22616,18283,5176.59,0.0008199538146808486,0.5664046485246118,A
22768,571,5160.25,0.0008173656156285989,0.5672220141402404,A
22505,1098,5156.25,0.0008167320295692967,0.5680387461698098,A
23238,1262,5152.9400000000005,0.0008162077371052242,0.568854953906915,A
23204,5624,5137.17,0.000813709824066425,0.5696686637309815,A
22839,348,5117.54,0.0008106005004803993,0.5704792642314619,A
22617,1047,5111.39,0.0008096263619142221,0.5712888905933761,A
21380,1745,5103.27,0.0008083401822138386,0.5720972307755899,A
72741,3768,5103.0,0.0008082974151548356,0.5729055281907448,A
21169,3158,5095.38,0.0008070904337118648,0.5737126186244567,A
22619,1350,5088.13,0.0008059420589793796,0.574518560683436,A
21165,3129,5085.53,0.000805530228040833,0.5753240909114768,A
22381,2288,5072.76,0.0008035075045465107,0.5761275984160233,A
22557,3152,5067.03,0.0008025998925165601,0.5769301983085399,A
22170,798,5060.88,0.000801625753950383,0.5777318240624902,A
22865,2557,5056.02,0.0008008559468883308,0.5785326800093785,A
84378,3891,5041.71,0.000798589292761177,0.5793312693021397,A
20971,3978,5024.09,0.0007957983461699506,0.5801270676483097,A
22957,1778,5023.5,0.0007957048922262036,0.5809227725405359,A
22654,786,5018.28,0.0007948780624188141,0.5817176506029548,A
21791,4139,5008.85,0.0007933843832840091,0.5825110349862388,A
21975,10261,4990.59,0.0007904920629232943,0.583301527049162,A
23113,980,4977.2,0.00078837113358978,0.5840898981827518,A
48129,777,4958.27,0.0007853726875641323,0.584875270870316,A
22795,741,4953.05,0.0007845458577567428,0.5856598167280728,A
22895,1657,4951.95,0.0007843716215904347,0.5864441883496632,A
84970L,4838,4945.45,0.0007833420442440685,0.5872275303939072,A
22991,2670,4939.9,0.0007824629435867866,0.5880099933374939,A
23254,1221,4939.71,0.0007824328482489698,0.5887924261857429,A
84988,3144,4932.259999999999,0.0007812527942135192,0.5895736789799564,A
22294,3975,4895.16,0.000775376283513491,0.5903490552634699,A
23172,3026,4888.379999999999,0.0007743023551429737,0.5911233576186129,A
21122,4006,4884.68,0.0007737162880381192,0.591897073906651,A
22627,562,4844.4,0.0007673360764209456,0.592664409983072,A
21937,1688,4830.96,0.0007652072272616901,0.5934296172103337,A
21908,2289,4815.22,0.0007627140661183358,0.5941923312764521,A
84992,9884,4802.16,0.000760645407634714,0.5949529766840869,A
22941,683,4789.57,0.0007586511955130601,0.5957116278796,A
22113,1237,4780.94,0.0007572842335901155,0.5964689121131901,A
21231,3889,4775.18,0.0007563718696647204,0.5972252839828548,A
22147,3377,4766.8099999999995,0.0007550460908356304,0.5979803300736904,A
22784,988,4763.16,0.0007544679435565171,0.5987347980172469,A
22907,5500,4746.07,0.0007517609471181482,0.5994865589643651,A
22349,1200,4741.21,0.0007509911400560961,0.6002375501044211,A
21871,4036,4735.09,0.0007500217533853637,0.6009875718578065,A
22971,1984,4715.42,0.0007469060939387448,0.6017344779517453,A
22849,305,4712.53,0.000746448328010899,0.6024809262797561,A
21326,7133,4709.7300000000005,0.0007460048177693875,0.6032269310975256,A
23322,1585,4689.31,0.0007427703609366495,0.6039697014584622,A
22367,2423,4671.78,0.0007399936700317573,0.6047096951284939,A
23082,1285,4670.56,0.0007398004262836702,0.6054494955547776,A
22749,1262,4652.77,0.0007369825522849235,0.6061864781070625,A
84945,5664,4630.5,0.0007334550618997583,0.6069199331689623,A
22759,2815,4628.69,0.0007331683642079239,0.6076531015331702,A
85014A,802,4614.360000000001,0.0007308985421504737,0.6083840000753207,A
21033,1851,4593.31,0.0007275642955133956,0.609111564370834,A
22634,489,4572.09,0.0007242031214687972,0.6098357674923028,A
84836,3652,4563.29,0.0007228092321383322,0.6105585767244411,A
22303,1858,4515.5199999999995,0.0007152426306251152,0.6112738193550663,A
22725,1120,4512.04,0.0007146914107535223,0.6119885107658198,A
21242,2651,4510.8099999999995,0.0007144965830402867,0.6127030073488601,A
17003,18137,4499.0,0.000712625920200197,0.6134156332690602,A
23328,1080,4490.18,0.0007112288629394356,0.6141268621319996,A
22243,2941,4485.75,0.0007105271663787583,0.6148373892983784,A
21670,3200,4475.07,0.0007088354916004213,0.6155462247899788,A
21671,3296,4461.61,0.0007067034745108692,0.6162529282644896,A
22635,480,4458.92,0.0007062773878859886,0.6169592056523756,A
20718,3368,4442.33,0.0007036495897050325,0.6176628552420806,A
22848,274,4434.51,0.0007024109289590966,0.6183652661710397,A
21673,3241,4433.33,0.0007022240210716025,0.6190674901921113,A
23283,682,4427.04,0.0007012277069933496,0.6197687178991046,A
23286,4656,4392.58,0.0006957693630924609,0.620464487262197,A
23307,8331,4387.7300000000005,0.0006950011399955569,0.6211594884021926,A
21259,737,4385.39,0.0006946304921508651,0.6218541188943435,A
62018,3365,4369.35,0.0006920898120530631,0.6225462087063965,A
21932,2374,4361.69,0.0006908764947494992,0.6232370852011461,A
23285,4571,4338.27,0.0006871668483722848,0.6239242520495184,A
21933,2363,4330.47,0.0006859313555566453,0.624610183405075,A
22750,1177,4311.6,0.000682942413321887,0.6252931258183969,A
22606,292,4298.26,0.000680829403814114,0.625973955222211,A
22796,432,4295.91,0.0006804571720042739,0.6266544123942153,A
22620,3292,4281.26,0.0006781366630620795,0.6273325490572773,A
47599A,2276,4267.28,0.0006759222797848181,0.6280084713370622,A
22273,1542,4262.26,0.0006751271292803939,0.6286835984663426,A
22179,596,4246.5,0.000672630800206743,0.6293562292665493,A
22584,1705,4240.58,0.0006716930928389757,0.6300279223593883,A
22296,2539,4221.07,0.0006686027768347289,0.6306965251362231,A
22429,976,4211.7,0.0006671186014908134,0.6313636437377139,A
23293,5326,4211.16,0.0006670330673728077,0.6320306768050867,A
21907,1980,4189.34,0.000663576855419314,0.632694253660506,A
84212,8639,4168.05,0.0006602045936186777,0.6333544582541247,A
23288,4318,4166.12,0.0006598988883450644,0.6340143571424698,A
22826,36,4160.0,0.000658929501674332,0.6346732866441441,A
22488,2409,4155.28,0.0006581818701243553,0.6353314685142685,A
21154,2700,4143.61,0.000656333382796341,0.6359878018970648,A
23313,865,4141.67,0.0006560260935575794,0.6366438279906224,A
21164,1430,4118.5,0.0006523560463090713,0.6372961840369314,A
22553,2518,4112.209999999999,0.0006513597322308183,0.6379475437691623,A
22366,565,4104.93,0.0006502066056028884,0.6385977503747652,A
21535,1660,4103.96,0.0006500529609835075,0.6392478033357487,A
21086,5948,4058.78,0.0006428966064436888,0.6398906999421924,A
21124,3370,4055.6,0.0006423929055265434,0.640533092847719,A
21888,1063,4055.4300000000003,0.0006423659781190232,0.641175458825838,A
22365,584,4050.36,0.0006415629077888576,0.6418170217336269,A
22827,26,4050.0,0.0006415058850435204,0.6424585276186704,A
21912,1059,4047.02,0.0006410338634293401,0.6430995614820997,A
21172,2625,4045.6299999999997,0.0006408136922737325,0.6437403751743734,A
21787,4914,4042.9199999999996,0.0006403844377185553,0.644380759612092,A
22297,3106,4041.13,0.0006401009079570176,0.6450208605200489,A
22628,858,4040.11,0.0006399393435118955,0.6456607998635608,A
21481,1306,4038.6400000000003,0.000639706500635102,0.6463005063641959,A
22089,1279,4014.6500000000005,0.0006359065682444368,0.6469364129324403,A
23343,1996,4009.48,0.0006350876582627886,0.6475715005907031,A
23321,2382,3990.8599999999997,0.0006321383151567366,0.6482036389058599,A
23154,1954,3961.25,0.0006274481943527518,0.6488310871002126,A
21889,3045,3928.09,0.0006221957659211363,0.6494532828661338,A
22964,1934,3927.4000000000005,0.0006220864723259067,0.6500753693384597,A
22772,2962,3916.4900000000002,0.0006203583663491598,0.6506957277048088,A
84029G,832,3910.95,0.0006194808496570261,0.6513152085544658,A
22120,388,3905.1499999999996,0.0006185621498710378,0.6519337707043368,A
21539,792,3892.9500000000003,0.0006166297123901661,0.652550400416727,A
47591D,1990,3884.79,0.0006153371968291894,0.6531657376135561,A
21479,895,3873.68,0.0006135774115494775,0.6537793150251056,A
21390,3084,3869.32,0.000612886802744838,0.6543922018278504,A
23158,1892,3864.85,0.0006121787703235677,0.655004380598174,A
22148,1907,3862.31,0.0006117764431759109,0.6556161570413499,A
22665,1193,3858.9900000000002,0.00061125056674669,0.6562274076080966,A
23010,244,3842.87,0.0006086972149277019,0.6568361048230243,A
23050,444,3831.7799999999997,0.0006069405975782865,0.6574430454206026,A
22464,2198,3817.6399999999994,0.000604700870858653,0.6580477462914612,A
23296,3251,3816.79,0.0006045662338210513,0.6586523125252823,A
22845,590,3815.87,0.0006044205090274118,0.6592567330343098,A
21756,620,3797.9100000000003,0.0006015757076211448,0.6598583087419309,A
21749,1928,3789.0600000000004,0.0006001738984649386,0.6604584826403957,A
82001S,1041,3783.75,0.0005993328129712148,0.661057815453367,A
21935,2095,3773.6,0.0005977250883457354,0.6616555405417127,A
23205,4034,3763.79,0.0005961712185352966,0.662251711760248,A
20677,2908,3758.07,0.0005952651904704944,0.6628469769507185,A
23169,877,3754.9300000000003,0.0005947678254139422,0.6634417447761324,A
22117,1244,3728.78,0.0005906257565512537,0.6640323705326836,A
21558,1438,3717.5499999999997,0.0005888469636897626,0.6646212174963734,A
23162,1024,3713.94,0.0005882751522712425,0.6652094926486446,A
22585,3062,3693.7000000000003,0.0005850692068111731,0.6657945618554558,A
22998,8994,3674.7,0.0005820596730294874,0.6663766215284853,A
22904,1259,3669.1700000000005,0.0005811837403025021,0.6669578052687878,A
23159,1790,3659.08,0.0005795855194679121,0.6675373907882557,A
23306,2521,3649.8999999999996,0.0005781314394618135,0.6681155222277175,A
21906,494,3642.24,0.0005769181221582497,0.6686924403498757,A
22751,1009,3635.91,0.0005759154722194039,0.6692683558220951,A
23165,2235,3623.6699999999996,0.000573976698877939,0.669842332520973,A
22781,457,3609.3500000000004,0.0005717084607856371,0.6704140409817587,A
21746,2956,3596.0,0.0005695938673127159,0.6709836348490714,A
22723,929,3593.59,0.0005692121317119862,0.6715528469807834,A
23356,632,3587.9300000000003,0.0005683156074380736,0.6721211625882215,A
23118,487,3566.54,0.0005649275059859547,0.6726860900942074,A
22053,4203,3555.1699999999996,0.0005631265376123881,0.6732492166318198,A
22418,4227,3537.83,0.0005603799420453129,0.6738095965738651,A
21244,2125,3524.31,0.0005582384211648714,0.67436783499503,A
23299,957,3518.4,0.0005573022977622523,0.6749251372927922,A
21156,1843,3508.91,0.0005557991148365577,0.6754809364076289,A
22854,731,3499.9700000000003,0.0005543830499940173,0.6760353194576229,A
85132C,1513,3499.5299999999997,0.0005543133555274939,0.6765896328131503,A
23163,1438,3496.8700000000003,0.000553892020798058,0.6771435248339484,A
22431,1821,3490.6499999999996,0.0005529067944758429,0.6776964316284242,A
82552,2271,3489.8999999999996,0.0005527879970897237,0.6782492196255139,A
22721,715,3489.51,0.0005527262224489419,0.6788019458479628,A
21428,825,3461.95,0.0005483608145003493,0.6793503066624632,A
82551,2211,3459.85,0.0005480281818192157,0.6798983348442824,A
23049,408,3458.94,0.0005478840409907245,0.6804462188852731,A
21257,391,3458.39,0.0005477969229075704,0.6809940158081806,A
22302,1409,3446.75,0.0005459531874750009,0.6815399689956556,A
22150,1818,3435.54,0.0005441775625438063,0.6820841465581994,A
23229,998,3433.67,0.0005438813610610826,0.6826280279192605,A
23091,546,3431.4,0.0005435218009724285,0.6831715497202329,A
15056P,575,3428.4500000000003,0.0005430545312536932,0.6837146042514866,A
22980,2090,3421.8399999999997,0.0005420075302906962,0.6842566117817772,A
21716,1272,3408.95,0.0005399657992145947,0.6847965775809918,A
23253,232,3399.48,0.0005384657842191966,0.685335043365211,A
22350,1265,3392.8299999999995,0.0005374124473956066,0.6858724558126066,A
20979,2692,3377.79,0.0005350301638126303,0.6864074859764192,A
84949,2025,3371.08,0.0005339673231981507,0.6869414532996173,A
21041,786,3369.3,0.0005336853774017612,0.687475138677019,A
22898,1661,3342.7799999999997,0.0005294847018285873,0.6880046233788476,A
22417,6112,3342.61,0.000529457774421067,0.6885340811532686,A
84987,2272,3339.3799999999997,0.0005289461536781804,0.6890630273069468,A
37449,371,3335.13,0.0005282729684901718,0.6895913002754369,A
22938,1742,3330.98,0.0005276156229536457,0.6901189158983906,A
20969,917,3326.1800000000003,0.0005268553196824831,0.690645771218073,A
21844,1177,3324.75,0.0005266288126662825,0.6911724000307393,A
23126,667,3321.9300000000003,0.0005261821344944745,0.6916985821652338,A
22841,440,3318.96,0.0005257116968454426,0.6922242938620793,A
22301,1355,3312.31,0.0005246583600218525,0.6927489522221011,A
20974,5096,3303.4,0.0005232470470747568,0.6932721992691758,A
23065,263,3302.44,0.0005230949864205242,0.6937952942555964,A
22956,1653,3286.6400000000003,0.0005205923214862805,0.6943158865770827,A
23184,641,3277.87,0.0005192031840512602,0.694835089761134,A
22896,1307,3272.69,0.0005183826901044639,0.6953534724512385,A
22866,1638,3268.1800000000003,0.0005176683218226006,0.6958711407730611,A
21876,2542,3263.97,0.0005170014724951849,0.6963881422455563,A
23112,399,3263.6,0.0005169428657846994,0.6969050851113411,A
20675,2573,3261.56,0.0005166197368944553,0.6974217048482355,A
23295,4017,3260.19,0.0005164027336691443,0.6979381075819047,A
22967,1167,3259.61,0.0005163108636905455,0.6984544184455952,A
22109,815,3243.04,0.000513686233439886,0.698968104679035,A
23192,2011,3237.3899999999994,0.0005127912931311214,0.6994808959721661,A
84508A,1530,3233.7000000000003,0.0005122068099914153,0.6999931027821575,A
23167,4251,3218.37,0.0005097785914191394,0.7005028813735766,A
22775,2245,3215.64,0.0005093461689336656,0.7010122275425102,A
22760,257,3198.66,0.0005066565961119276,0.7015188841386222,A
21715,1219,3197.25,0.0005064332570260235,0.7020253173956482,A
23080,393,3196.5299999999997,0.0005063192115353491,0.7025316366071835,A
22636,384,3182.9900000000002,0.0005041745227246111,0.7030358111299082,A
22626,374,3169.2000000000003,0.0005019902347851666,0.7035378013646933,A
21658,755,3164.81,0.0005012948740850823,0.7040390962387785,A
22661,3952,3158.02,0.0005002193617494168,0.7045393156005278,A
72760B,313,3156.79,0.0005000245340361813,0.705039340134564,A
22271,1092,3155.4,0.0004998043628805739,0.7055391444974446,A
23109,1091,3126.4700000000003,0.0004952219517066704,0.7060343664491513,A
22207,735,3101.55,0.0004912747105572174,0.7065256411597085,A
84509A,764,3098.5,0.0004907916011869995,0.7070164327608955,A
22842,484,3097.34,0.0004906078612298018,0.7075070406221253,A
21498,7551,3088.42,0.0004891949643175578,0.7079962355864429,A
23176,1403,3076.93,0.00048737498836221206,0.7084836105748051,A
22940,779,3075.21,0.00048710254635671215,0.7089707131211619,A
22295,1856,3072.0799999999995,0.00048660676526530804,0.7094573198864272,A
22646,2000,3069.12,0.0004861379115814244,0.7099434577980087,A
22688,651,3067.15,0.0004858258704472181,0.7104292836684559,A
23237,758,3061.06,0.00048486123567193044,0.7109141449041279,A
84968C,283,3057.0699999999997,0.0004842292335777764,0.7113983741377057,A
22244,1600,3055.02,0.00048390452072238406,0.711882278658428,A
22748,1381,3054.25,0.0004837825554059684,0.712366061213834,A
22926,499,3044.2400000000002,0.0004821970062925645,0.7128482582201265,A
21243,1815,3030.62,0.00048003964576064036,0.7133282978658871,A
22908,3777,3029.97,0.0004799366880260037,0.7138082345539132,A
22946,203,3022.09,0.0004786885234891784,0.7142869230774024,A
22813,1591,3016.47,0.00047779833507585864,0.7147647214124783,A
22779,791,3012.31,0.00047713940557418433,0.7152418608180524,A
23182,3164,3006.93,0.0004762872323244228,0.7157181480503768,A
22432,1536,3002.7,0.0004756172150667107,0.7161937652654435,A
23051,340,3000.48,0.000475265574803798,0.7166690308402474,A
23241,1447,2991.1400000000003,0.00047378615135532727,0.7171428169916026,A
23310,7234,2989.8799999999997,0.000473586571746647,0.7176164035633493,A
22745,1349,2985.76,0.00047293397810556576,0.7180893375414549,A
79000,3697,2984.41,0.0004727201428105512,0.7185620576842654,A
23168,2178,2973.77,0.00047103480389280725,0.7190330924881582,A
84347,1162,2963.35,0.0004693843122083249,0.7195024768003665,A
22550,866,2961.25,0.00046905167952719125,0.7199715284798937,A
23053,330,2956.3,0.00046826761677880475,0.7204397960966724,A
22623,548,2953.0200000000004,0.00046774807621017693,0.7209075441728826,A
23144,3601,2946.31,0.00046668523559569735,0.7213742294084783,A
23110,494,2944.25,0.00046635893877515673,0.7218405883472534,A
23255,733,2930.89,0.0004642427613370872,0.7223048311085905,A
23092,420,2926.7400000000002,0.00046358541580056116,0.722768416524391,A
22780,766,2924.3,0.0004631989283043868,0.7232316154526954,A
23177,1283,2906.83,0.0004604317411903842,0.7236920471938858,A
22798,957,2903.79,0.0004599502157853145,0.7241519974096711,A
22867,1455,2902.07,0.0004596777737798146,0.7246116751834509,A
23103,1735,2901.43,0.0004595764000103262,0.7250712515834613,A
22952,5795,2898.96,0.00045918516061870706,0.72553043674408,A
21238,3326,2894.39,0.00045846128854595423,0.725988898032626,A
22649,565,2890.7000000000003,0.000457876805406248,0.7264467748380322,A
22899,1415,2889.78,0.00045773108061260845,0.7269045059186449,A
84050,1914,2885.8599999999997,0.00045711016627449216,0.7273616160849193,A
22687,559,2880.59,0.00045627541664136157,0.7278178915015607,A
21385,3254,2877.56,0.00045579547520144004,0.7282736869767622,A
84692,5396,2872.63,0.00045501458038335005,0.7287287015571455,A
21260,908,2871.7599999999998,0.0004548767754154518,0.729183578332561,A
22219,2878,2860.18,0.0004530425437737718,0.7296366208763347,A
84029E,617,2856.91,0.0004525245871702922,0.730089145463505,A
22493,1800,2850.98,0.0004515852958373767,0.7305407307593423,A
23032,1762,2849.2599999999998,0.00045131285383187667,0.7309920436131743,A
20717,2335,2829.39,0.0004481655150822928,0.7314402091282566,A
22734,978,2821.82,0.0004469664534650633,0.7318871755817217,A
85048,373,2815.85,0.0004460208262715547,0.7323331964079932,A
22131,1465,2813.5299999999997,0.0004456533463571594,0.7327788497543504,A
16014,8583,2792.86,0.00044237929039571514,0.7332212290447461,A
22951,5220,2784.59,0.00044106935121810775,0.7336622983959642,A
22430,534,2784.35,0.00044103133605454957,0.7341033297320188,A
22855,2246,2783.7000000000003,0.000440928378319913,0.7345442581103386,A
22222,730,2782.41,0.000440724046815788,0.7349849821571545,A
22504,145,2771.72,0.0004390307880723027,0.7354240129452267,A
22489,6728,2762.36,0.00043754819669353554,0.7358615611419203,A
84792,584,2748.32,0.00043532430962538464,0.7362968854515456,A
23318,1202,2744.57,0.0004347303226947888,0.7367316157742404,A
21714,1515,2729.9,0.0004324066458222978,0.7371640224200627,A
21934,1489,2722.9,0.0004312978702185189,0.7375953202902813,A
22371,612,2713.0,0.0004297297447217458,0.7380250500350031,A
23319,1175,2711.76,0.00042953333304336216,0.7384545833680465,A
72351B,1427,2706.96,0.00042877302977219943,0.7388833563978187,A
22061,271,2698.41,0.00042741873957044085,0.7393107751373891,A
22327,751,2691.69,0.00042635431499081315,0.7397371294523799,A
21240,3148,2691.11,0.0004262624450122143,0.7401633918973921,A
82580,4703,2679.29,0.0004243901982069762,0.7405877820955991,A
21874,1940,2677.52,0.00042410983637573493,0.7410118919319748,A
22082,1597,2675.88,0.00042385006609142105,0.7414357419980663,A
37370,2057,2647.11,0.00041929299835988964,0.7418550349964261,A
22909,3340,2641.18,0.000418353707026974,0.742273388703453,A
22656,17,2635.0,0.0004173748165653521,0.7426907635200184,A
22435,2102,2632.24,0.00041693764218443354,0.7431077011622028,A
23194,1164,2628.06,0.0004162755447524627,0.7435239767069552,A
22236,223,2627.25,0.000416147243575454,0.7439401239505307,A
22894,264,2623.0899999999997,0.0004154883140737796,0.7443556122646044,A
21381,1546,2616.88,0.00041450467171671296,0.7447701169363211,A
22241,1949,2597.06,0.0004113652527928703,0.745181482189114,A
22212,1158,2597.0,0.0004113557490019808,0.7455928379381159,A
21974,1620,2594.3599999999997,0.0004109375822028413,0.7460037755203187,A
22180,237,2587.58,0.000409863653832324,0.746413639174151,A
20682,776,2578.2,0.00040837789452326023,0.7468220170686743,A
23009,156,2572.1499999999996,0.00040741959560856557,0.7472294366642829,A
22378,1500,2569.3199999999997,0.0004069713334716092,0.7476364079977544,A
23131,632,2565.2000000000003,0.000406318739830528,0.748042726737585,A
21868,2027,2563.34,0.00040602412231295246,0.7484487508598979,A
22843,401,2557.21,0.0004050531516770717,0.748853804011575,A
35970,1409,2553.4500000000003,0.0004044575807813277,0.7492582615923563,A
23230,6351,2547.42,0.0004035024497969295,0.7496617640421532,A
21704,3341,2540.33,0.0004023794185068163,0.7500641434606601,A
23320,918,2537.82,0.00040198184325460415,0.7504661253039147,A
23198,1736,2530.24,0.00040078119767222636,0.7508669065015868,A
22702,1177,2529.5299999999997,0.0004006687361467002,0.7512675752377336,A
23089,1524,2527.72,0.00040038203845486594,0.7516679572761884,A
23083,703,2516.8,0.00039865234851297086,0.7520666096247014,A
84568,12482,2515.32,0.000398417921671029,0.7524650275463725,A
22777,307,2504.63,0.0003967246629275438,0.7528617522093,A
22174,1237,2504.46,0.0003966977355200234,0.7532584499448199,A
21703,6689,2497.9,0.00039565865438276777,0.7536541085992027,A
21531,996,2493.87,0.0003950203164280207,0.7540491289156307,A
21110,757,2489.63,0.0003943487152051604,0.7544434776308359,A
23188,1471,2483.7899999999995,0.000393423679558579,0.7548369013103944,A
23231,6027,2483.34,0.0003933524011269076,0.7552302537115213,A
22645,1224,2481.45,0.00039305303171388725,0.7556233067432352,A
23054,284,2480.66,0.00039292789846717506,0.7560162346417023,A
22669,809,2477.19,0.0003923782625607304,0.7564086129042631,A
21527,314,2477.14,0.0003923703427349891,0.7568009832469981,A
22933,905,2476.8700000000003,0.00039232757567598625,0.757193310822674,A
23215,1288,2476.2,0.00039222145001105305,0.7575855322726851,A
22029,5947,2464.93,0.000390436321288969,0.7579759685939741,A
22354,656,2463.63,0.0003902304058196958,0.7583661989997937,A
84968A,213,2457.67,0.00038928636259133546,0.7587554853623851,A
23239,593,2448.23,0.00038779109949138216,0.7591432764618765,A
23133,303,2445.5299999999997,0.0003873634289013531,0.7595306398907778,A
21833,1480,2444.4700000000003,0.0003871955285956381,0.7599178354193735,A
20754,1187,2443.79,0.00038708781896555665,0.7603049232383391,A
21078,2685,2441.6,0.00038674093059808866,0.7606916641689372,A
21745,651,2438.47,0.00038624514950668466,0.7610779093184439,A
22700,1040,2438.46,0.00038624356554153643,0.7614641528839854,A
22360,794,2433.98,0.0003855339491551179,0.7618496868331405,A
22632,1247,2428.7300000000005,0.0003847023674522838,0.7622343892005927,A
21918,6037,2425.2,0.0003841432277549495,0.7626185324283477,A
84030E,528,2423.2599999999998,0.00038383593851618785,0.7630023683668639,A
23314,210,2414.0,0.0003823691867889032,0.7633847375536528,A
23232,5976,2413.92,0.0003823565150677172,0.7637670940687205,A
21992,1315,2404.77,0.00038090718695706327,0.7641480012556775,A
21561,984,2397.91,0.0003798205868653599,0.7645278218425429,A
22689,389,2395.81,0.0003794879541842263,0.764907309796727,A
23294,3020,2390.29,0.00037861360542238917,0.7652859234021494,A
21890,781,2381.19,0.0003771721971374766,0.7656630955992869,A
23156,1152,2377.7000000000003,0.0003766193933007354,0.7660397149925876,A
23132,437,2376.39,0.00037641189386631386,0.7664161268864539,A
22466,1279,2374.97,0.00037618697081526155,0.7667923138572691,A
21556,936,2374.17,0.00037606025360340114,0.7671683741108725,A
84796B,255,2368.6299999999997,0.00037518273691126747,0.7675435568477837,A
22329,1453,2364.7,0.00037456023860800306,0.7679181170863918,A
22491,2946,2353.56,0.0003727957014328463,0.7682909127878247,A
21484,507,2353.04,0.00037271333524513704,0.7686636261230698,A
22433,1226,2344.3999999999996,0.00037134478935704415,0.7690349709124269,A
22801,574,2341.58,0.00037089811118523613,0.7694058690236122,A
21781,144,2338.2,0.00037036273096512567,0.7697762317545773,A
22158,814,2330.2200000000003,0.0003690987267768178,0.7701453304813541,A
22925,385,2328.13,0.00036876767806083235,0.770514098159415,A
23111,191,2327.86,0.00036872491100182944,0.7708828230704168,A
23191,1407,2307.99,0.0003655775722522455,0.771248400642669,A
23028,1327,2307.83,0.00036555222880987345,0.7716139528714788,A
23234,850,2304.4,0.0003650089287640218,0.7719789618002428,A
22460,1804,2304.35,0.0003650010089382805,0.7723439628091812,A
22782,156,2299.2,0.00036418526688692884,0.7727081480760681,A
23308,4181,2277.81,0.0003607971654348101,0.7730689452415029,A
85184C,1253,2275.28,0.0003603964222523015,0.7734293416637552,A
22426,613,2272.56,0.0003599655837319759,0.7737893072474872,A
22348,2669,2269.3599999999997,0.00035945871488453406,0.7741487659623717,A
16161P,5476,2267.92,0.00035923062390318534,0.7745079965862749,A
21239,2559,2266.49,0.00035900411688698474,0.7748670007031618,A
22962,2724,2264.16,0.0003586350530074412,0.7752256357561693,A
22778,581,2263.21,0.0003584845763183569,0.7755841203324877,A
23127,432,2261.3,0.0003581820389750401,0.7759423023714628,A
85053,1031,2259.3,0.000357865245945389,0.7763001676174082,A
23340,1444,2248.44,0.0003561450597943834,0.7766563126772026,A
21892,1715,2247.47,0.00035599141517500256,0.7770123040923775,A
22604,985,2245.62,0.00035569838162257533,0.7773680024740001,A
22892,1840,2245.28,0.0003556445268075347,0.7777236470008076,A
22549,1512,2244.95,0.0003555922559576422,0.7780792392567653,A
22890,222,2230.65,0.0003533271857956367,0.7784325664425609,A
22927,371,2229.58,0.0003531577015247733,0.7787857241440856,A
21976,4192,2229.15,0.00035308959102339836,0.7791388137351091,A
23147,1507,2228.75,0.00035302623241746813,0.7794918399675266,A
21497,5550,2227.0,0.0003527490385165234,0.7798445890060431,A
21116,374,2221.22,0.00035183350666083163,0.7801964225127039,A
22079,1280,2210.22,0.0003500911449977504,0.7805465136577017,A
22274,777,2208.19,0.0003497696000726546,0.7808962832577743,A
22990,457,2203.87,0.0003490853271286082,0.7812453685849029,A
22822,374,2198.89,0.00034829651248477684,0.7815936650973877,A
22567,1675,2194.86,0.0003476581745300299,0.7819413232719177,A
22794,257,2187.95,0.0003465636546125852,0.7822878869265303,A
21313,2506,2187.73,0.00034652880737932363,0.7826344157339096,A
21985,7424,2184.48,0.00034601401870614054,0.7829804297526157,A
35004B,421,2184.08,0.0003459506601002103,0.783326380412716,A
22595,2476,2182.69,0.00034573048894460284,0.7836721109016606,A
22823,19,2180.0,0.000345304402319722,0.7840174153039803,A
23439,1089,2175.0200000000004,0.0003445155876758908,0.7843619308916562,A
47567B,386,2172.09,0.00034405148588745186,0.7847059823775436,A
22800,542,2171.53,0.0003439627838391496,0.7850499451613828,A
23242,1065,2167.41,0.0003433101901980682,0.7853932553515809,A
20975,3214,2167.1,0.0003432610872784723,0.7857365164388593,A
22582,890,2159.28,0.00034202242653253644,0.7860785388653919,A
21896,935,2155.4900000000002,0.00034142210374134757,0.7864199609691332,A
23309,4243,2152.45,0.0003409405783362778,0.7867609015474695,A
22746,974,2147.1400000000003,0.00034009949284255416,0.787101001040312,A
22440,5461,2145.0099999999998,0.00033976210826597563,0.787440763148578,A
22564,1912,2142.9700000000003,0.00033943897937573157,0.7877802021279537,A
22144,954,2142.65,0.00033938829249098736,0.7881195904204448,A
23312,523,2134.59,0.00033811161658149337,0.7884577020370263,A
20828,800,2127.12,0.0003369283946157464,0.788794630431642,A
22331,1324,2125.64,0.00033669396777380456,0.7891313243994158,A
21735,173,2123.4,0.0003363391595805953,0.7894676635589964,A
21098,1875,2117.81,0.0003354537230627204,0.7898031172820592,A
22563,1802,2116.03,0.000335171777266331,0.7901382890593256,A
22468,310,2106.08,0.0003335957319438166,0.7904718847912694,A
21878,2457,2101.16,0.00033281642109087484,0.7908047012123602,A
22691,307,2097.39,0.0003322192662299825,0.7911369204785902,A
22829,209,2093.77,0.00033164587084631394,0.7914685663494365,A
23263,1637,2093.36,0.0003315809282752355,0.7918001472777118,A
23247,750,2089.9,0.00033103287633393905,0.7921311801540457,A
23193,954,2089.77,0.00033101228478701173,0.7924621924388328,A
21135,1261,2089.7599999999998,0.0003310107008218634,0.7927932031396546,A
21069,1834,2082.83,0.0003299130129741223,0.7931231161526288,A
23066,253,2079.93,0.00032945366308112815,0.7934525698157099,A
21499,5102,2079.34,0.00032936020913738114,0.7937819300248473,A
22965,992,2075.98,0.00032882799684756723,0.7941107580216948,A
72351A,1047,2072.33,0.0003282498495684539,0.7944390078712633,A
21625,295,2066.01,0.00032724878359475645,0.7947662566548581,A
23164,441,2063.4500000000003,0.000326843288516803,0.795093099943375,A
22653,1122,2057.3,0.0003258691499506258,0.7954189690933255,A
22224,639,2054.17,0.00032537336885922176,0.7957443424621847,A
22380,929,2047.6200000000001,0.00032433587168711434,0.7960686783338718,A
22972,1208,2033.9399999999998,0.00032216900736430066,0.7963908473412361,A
23146,606,2032.78,0.000321985267407103,0.7967128326086432,A
22672,1207,2022.7399999999998,0.00032039496639825433,0.7970332275750415,A
23012,517,2016.6100000000001,0.0003194239957623737,0.7973526515708038,A
23342,239,2015.0900000000001,0.00031918323305983885,0.7976718348038636,A
23157,1023,2014.44,0.00031908027532520227,0.7979909150791888,A
22078,946,2001.17,0.00031697835357346704,0.7983078934327623,A
22930,784,2000.8,0.0003169197468629816,0.7986248131796253,A
22773,1458,1993.28,0.0003157286050714934,0.7989405417846968,A
21500,4875,1991.5,0.0003154466592751039,0.7992559884439718,A
22478,1384,1981.56,0.0003138721979177378,0.7995698606418896,A
22762,118,1978.94,0.00031345719904889483,0.7998833178409385,A
22797,113,1977.4199999999998,0.00031321643634636,0.8001965342772849,B
20970,533,1976.3700000000001,0.00031305012000579316,0.8005095843972907,B
23014,502,1972.4,0.0003124212858419357,0.8008220056831327,B
47599B,1023,1962.66,0.00031087850378753475,0.8011328841869202,B
22902,984,1962.04,0.00031078029794834284,0.8014436644848685,B
40016,5176,1960.6399999999999,0.00031055854282758703,0.8017542230276961,B
22195,1073,1959.3999999999999,0.0003103621311492034,0.8020645851588453,B
21609,719,1953.93,0.00030949570221310756,0.8023740808610583,B
23190,1208,1949.8399999999997,0.000308847860467471,0.8026829287215258,B
22920,3141,1948.2100000000003,0.0003085896741483054,0.8029915183956741,B
21718,1385,1938.16,0.00030699778917430846,0.8032985161848484,B
21875,1714,1932.9800000000002,0.0003061772952275121,0.8036046934800759,B
21700,1438,1930.12,0.0003057242811951109,0.803910417761271,B
22963,2328,1929.81,0.00030567517827551505,0.8042160929395465,B
21993,1108,1927.14,0.0003052522595809308,0.8045213451991274,B
22937,745,1926.1499999999999,0.00030509544703125345,0.8048264406461587,B
22300,729,1925.56,0.0003050019930875064,0.8051314426392462,B
20977,1516,1922.71,0.0003045505630202536,0.8054359932022664,B
22548,1638,1922.0900000000001,0.0003044523571810617,0.8057404455594475,B
22851,2238,1917.8999999999999,0.00030378867578394257,0.8060442342352314,B
20829,941,1915.52,0.0003034116920786578,0.8063476459273101,B
23035,1357,1913.4099999999999,0.0003030774754323758,0.8066507234027425,B
23345,1650,1911.86,0.0003028319608343962,0.8069535553635768,B
23346,1652,1909.52,0.00030246131298970443,0.8072560166765665,B
22361,560,1902.16,0.0003012955146405883,0.8075573121912072,B
23081,233,1892.15,0.00029970996552718446,0.8078570221567344,B
21471,549,1891.5300000000002,0.0002996117596879926,0.8081566339164223,B
22072,474,1889.81,0.0002993393176824926,0.8084559732341048,B
35961,2249,1885.2799999999997,0.0002986217814703328,0.8087545950155751,B
23093,808,1878.47,0.0002975431012043708,0.8090521381167795,B
85062,1139,1876.7099999999998,0.00029726432333827775,0.8093494024401178,B
23189,690,1874.2,0.0002968667480860656,0.8096462691882038,B
84596B,3787,1872.55,0.00029660539383660344,0.8099428745820404,B
15058B,226,1869.37,0.00029610169291945814,0.8102389762749599,B
21794,444,1867.15,0.0002957500526565454,0.8105347263276165,B
22283,215,1866.05,0.0002955758164902373,0.8108303021441067,B
22774,1449,1865.48,0.00029548553047678675,0.8111257876745834,B
22215,214,1849.65,0.00029297811364709813,0.8114187657882306,B
85049E,1422,1846.7,0.0002925108439283627,0.8117112766321589,B
22437,2175,1839.39,0.00029135296540498787,0.8120026295975639,B
22291,1243,1839.32,0.00029134187764895007,0.8122939714752128,B
21201,733,1838.75,0.0002912515916354995,0.8125852230668482,B
23161,1500,1831.78,0.00029014756792716535,0.8128753706347753,B
22377,1124,1831.0,0.0002900240186456014,0.813165394653421,B
21563,624,1828.5600000000002,0.00028963753114942705,0.8134550321845704,B
22358,526,1827.94,0.0002895393253102352,0.8137445715098807,B
22805,1368,1817.94,0.0002879553601619796,0.8140325268700427,B
22498,290,1815.41,0.0002875546169794709,0.8143200814870222,B
23013,462,1796.68,0.0002845878502567882,0.8146046693372789,B
22670,1350,1795.84,0.00028445479718433467,0.8148891241344632,B
22824,51,1794.4500000000003,0.0002842346260287272,0.815173358760492,B
23268,1304,1791.6799999999998,0.00028379586768266036,0.8154571546281747,B
22914,381,1788.1000000000001,0.0002832288081595849,0.8157403834363343,B
22045,4327,1785.34,0.0002827916337786663,0.8160231750701129,B
22831,615,1782.21,0.00028229585268726233,0.8163054709228001,B
22633,873,1769.42,0.0002802699612626434,0.8165857408840628,B
47504K,1754,1768.69,0.00028015433180682075,0.8168658952158696,B
22425,354,1762.6100000000001,0.00027919128099668136,0.8171450864968662,B
22660,252,1762.28,0.00027913901014678887,0.817424225507013,B
23252,469,1759.1100000000001,0.00027863689319479186,0.8177028624002077,B
22610,5566,1758.8999999999999,0.00027860362992667846,0.8179814660301344,B
22167,176,1754.8899999999999,0.000277968459902228,0.8182594344900367,B
22974,1016,1752.7599999999998,0.0002776310753256495,0.8185370655653623,B
21903,847,1749.7500000000002,0.00027715430181602464,0.8188142198671784,B
22644,1097,1748.75,0.00027699590530119906,0.8190912157724796,B
22906,1015,1747.4099999999999,0.00027678365397133277,0.8193679994264509,B
11001,1275,1747.08,0.00027673138312144034,0.8196447308095723,B
21900,2693,1744.23,0.00027627995305418753,0.8199210107626266,B
23292,1419,1743.0900000000001,0.0002760993810272864,0.8201971101436538,B
23397,173,1733.82,0.0002746310453348534,0.8204717411889887,B
22477,1208,1732.52,0.0002744251298655802,0.8207461663188542,B
23152,462,1731.94,0.0002743332598869814,0.8210204995787412,B
22983,4066,1722.62,0.0002728570043688071,0.8212933565831101,B
21989,1869,1713.48,0.00027140926022330153,0.8215647658433334,B
82581,3149,1712.68,0.00027128254301144106,0.8218360483863448,B
84356,311,1704.88,0.0002700470501958017,0.8221060954365407,B
23290,1415,1704.13,0.00026992825280968254,0.8223760236893504,B
21713,743,1702.76,0.0002697112495843715,0.8226457349389348,B
21463,313,1702.3500000000001,0.00026964630701329306,0.8229153812459481,B
22412,813,1701.0500000000002,0.00026944039154401983,0.8231848216374921,B
22128,1401,1699.08,0.00026912835040981346,0.8234539499879019,B
85175,4081,1697.34,0.000268852740474017,0.823722802728376,B
22932,750,1681.8400000000001,0.0002663975944942208,0.8239892003228702,B
22055,921,1677.01,0.00026563253932761335,0.8242548328621978,B
23341,187,1668.58,0.00026429725670763386,0.8245191301189054,B
22030,4092,1667.12,0.00026406599779598853,0.8247831961167014,B
16156S,4100,1656.0,0.0002623046285511283,0.8250455007452525,B
22788,186,1652.91,0.00026181518332031735,0.8253073159285729,B
47559B,1252,1651.68,0.00026162035560708187,0.8255689362841799,B
84968F,161,1651.35,0.00026156808475718944,0.8258305043689371,B
23029,981,1650.7699999999998,0.0002614762147785906,0.8260919805837157,B
21452,550,1646.6200000000001,0.00026081886924206457,0.8263527994529578,B
22935,558,1644.4,0.00026046722897915184,0.8266132666819369,B
84969,416,1640.86,0.0002599065053166693,0.8268731731872536,B
21622,316,1639.98,0.00025976711638362284,0.8271329403036373,B
21249,574,1637.18,0.00025932360614211127,0.8273922639097794,B
85178,1459,1636.25,0.0002591762973833235,0.8276514402071627,B
21042,255,1628.7,0.0002579804036963905,0.8279094206108591,B
22863,572,1625.48,0.0002574703669186522,0.8281668909777778,B
22858,970,1624.9799999999998,0.00025739116866123937,0.828424282146439,B
22183,274,1623.0900000000001,0.00025709179924821913,0.8286813739456873,B
23275,1325,1622.8,0.0002570458642589197,0.8289384198099462,B
22704,3978,1622.76,0.00025703952839832664,0.8291954593383445,B
22934,557,1610.23,0.0002550548200675624,0.8294505141584121,B
15058A,193,1604.32,0.0002541186966649433,0.829704632855077,B
20751,768,1602.64,0.0002538525905200364,0.829958485445597,B
23235,585,1601.45,0.000253664098667394,0.8302121495442644,B
23129,390,1600.8000000000002,0.0002535611409327574,0.8304657106851971,B
23155,1866,1600.22,0.00025346927095415856,0.8307191799561513,B
22364,517,1594.71,0.0002525965061574697,0.8309717764623088,B
23160,1304,1590.2,0.0002518821378756064,0.8312236586001844,B
22580,292,1589.0600000000002,0.0002517015658487053,0.8314753601660332,B
47570B,172,1588.3400000000001,0.0002515875203580309,0.8317269476863912,B
22807,535,1586.3600000000001,0.00025127389525867627,0.8319782215816499,B
22292,1121,1581.2299999999998,0.0002504613211376211,0.8322286829027875,B
21429,847,1580.37,0.0002503251001348711,0.8324790080029224,B
21916,3743,1575.59,0.00024956796479400496,0.8327285759677164,B
23233,3825,1574.5,0.00024939531259284513,0.8329779712803093,B
21394,3810,1572.96,0.0002491513819600138,0.8332271226622693,B
22743,510,1571.18,0.0002488694361636243,0.8334759920984329,B
85049G,1224,1568.1000000000001,0.00024838157489796153,0.8337243736733309,B
20674,1222,1567.16,0.0002482326821740255,0.8339726063555049,B
46000S,1076,1560.2,0.0002471302424308396,0.8342197365979357,B
22479,1083,1558.12,0.0002468007776800024,0.8344665373756157,B
23128,307,1554.5,0.0002462273822963339,0.834712764757912,B
84968E,130,1549.62,0.0002454544073039852,0.834958219165216,B
37448,1022,1548.34,0.00024525165976500845,0.8352034708249809,B
21990,921,1542.5,0.0002443266241184272,0.8354477974490994,B
21980,5109,1541.6799999999998,0.00024419673897627017,0.8356919941880756,B
21898,493,1541.11,0.00024410645296281963,0.8359361006410384,B
22165,152,1538.23,0.00024365027100012204,0.8361797509120386,B
21982,5652,1536.36,0.00024335406951739823,0.8364231049815559,B
15044D,540,1535.96,0.00024329071091146802,0.8366663956924674,B
21495,3700,1534.0,0.0002429802537424099,0.8369093759462097,B
22812,804,1532.6899999999998,0.0002427727543079884,0.8371521487005177,B
22996,3555,1531.84,0.0002426381172703867,0.8373947868177881,B
37450,525,1530.43,0.0002424147781844827,0.8376372015959725,B
22931,638,1527.67,0.00024197760380356413,0.8378791791997761,B
84795B,179,1527.3300000000002,0.00024192374898852345,0.8381211029487646,B
22939,300,1525.96,0.00024170674576321242,0.8383628096945278,B
21873,1227,1519.48,0.00024068033634714277,0.838603490030875,B
72807C,338,1518.66,0.00024055045120498583,0.83884404048208,B
23031,919,1515.6699999999998,0.00024007684562565737,0.8390841173277056,B
23291,1237,1514.38,0.00023987251412153243,0.8393239898418271,B
23289,1251,1513.65,0.00023975688466570976,0.8395637467264928,B
21578,686,1508.81,0.00023899024553395402,0.8398027369720268,B
22465,882,1507.9799999999998,0.0002388587764266488,0.8400415957484534,B
10135,1500,1502.98,0.00023806679385252104,0.8402796625423059,B
85206A,934,1502.9299999999998,0.00023805887402677972,0.8405177214163326,B
22196,1552,1502.08,0.00023792423698917802,0.8407556456533218,B
23064,31,1500.0600000000002,0.0002376042760292304,0.8409932499293511,B
22156,1543,1498.32,0.0002373286660934339,0.8412305785954445,B
84968D,145,1496.36,0.0002370182089243758,0.8414675968043689,B
23075,359,1491.3500000000001,0.00023622464238509978,0.841703821446754,B
21626,749,1485.83,0.00023535029362326264,0.8419391717403774,B
22282,95,1479.8700000000001,0.00023440625039490234,0.8421735779907723,B
22859,860,1473.4799999999998,0.00023339409666516697,0.8424069720874374,B
21845,1669,1472.5900000000001,0.00023325312376697225,0.8426402252112044,B
37446,993,1472.51,0.0002332404520457862,0.8428734656632502,B
22747,684,1470.99,0.00023299968934325135,0.8431064653525934,B
23196,1003,1467.4699999999998,0.00023244213361106535,0.8433389074862044,B
15039,1681,1465.1599999999999,0.0002320762376618183,0.8435709837238663,B
22064,834,1465.09,0.00023206514990578052,0.8438030488737721,B
23079,166,1464.6999999999998,0.00023200337526499854,0.8440350522490371,B
21792,340,1463.9,0.00023187665805313813,0.8442669289070902,B
20983,1709,1460.45,0.00023133019007698995,0.8444982590971672,B
10133,2737,1458.95,0.0002310925953047516,0.844729351692472,B
85132A,535,1458.51,0.00023102290083822834,0.8449603745933102,B
21411,306,1454.1,0.00023032437220784762,0.845190698965518,B
22789,750,1453.86,0.00023028635704428946,0.8454209853225623,B
21447,947,1449.34,0.00022957040479727793,0.8456505557273596,B
23130,357,1443.15,0.00022858993037050776,0.8458791456577301,B
21534,287,1440.6100000000001,0.00022818760322285082,0.846107333260953,B
23311,551,1438.79,0.00022789932156586827,0.8463352325825189,B
23094,115,1437.5,0.00022769499006174333,0.8465629275725806,B
22763,138,1435.78,0.00022742254805624334,0.8467903501206367,B
22414,214,1434.56,0.00022722930430815616,0.8470175794249449,B
23068,585,1428.8300000000002,0.00022632169227820574,0.8472439011172231,B
22832,131,1426.01,0.00022587501410639764,0.8474697761313296,B
21439,1165,1424.76,0.00022567701846286568,0.8476954531497924,B
22223,302,1424.29,0.00022560257210089765,0.8479210557218934,B
22027,3320,1424.21,0.00022558990037971162,0.848146645622273,B
23332,849,1424.05,0.00022556455693733952,0.8483722101792104,B
23412,193,1423.28,0.00022544259162092384,0.8485976527708313,B
21012,626,1422.95,0.0002253903207710314,0.8488230430916024,B
21899,2253,1422.89,0.0002253808169801419,0.8490484239085825,B
85174,299,1418.71,0.00022471871954817105,0.8492731426281307,B
15060B,356,1418.5,0.00022468545628005768,0.8494978280844108,B
23316,147,1418.31,0.00022465536094224081,0.8497224834453531,B
37342,1494,1417.77,0.000224569826824235,0.8499470532721773,B
22374,324,1417.48,0.0002245238918349356,0.8501715771640123,B
22185,825,1412.9099999999999,0.00022380001976218277,0.8503953771837744,B
21988,1771,1411.9299999999998,0.00022364479117765372,0.8506190219749521,B
22694,612,1411.47,0.00022357192878083397,0.850842593903733,B
23122,1880,1410.76,0.00022345946725530784,0.8510660533709883,B
23326,2108,1408.3000000000002,0.00022306981182883699,0.8512891231828171,B
21557,438,1407.22,0.00022289874359282535,0.85151202192641,B
23251,1120,1406.07,0.00022271658760077595,0.8517347385140107,B
22913,304,1405.89,0.00022268807622810737,0.8519574265902389,B
22738,893,1403.69,0.00022233960389549112,0.8521797661941344,B
23227,1116,1401.87,0.00022205132223850857,0.8524018175163729,B
15058C,237,1397.45,0.00022135120964297963,0.8526231687260158,B
84596F,2710,1393.53,0.00022073029530486342,0.8528438990213207,B
22357,297,1389.49,0.00022009037338496817,0.8530639893947057,B
22305,616,1388.45,0.00021992564100954958,0.8532839150357153,B
22943,287,1384.0900000000001,0.00021923503220491015,0.8535031500679202,B
22674,1118,1383.3700000000001,0.00021912098671423574,0.8537222710546345,B
37500,226,1373.84,0.0002176114679279481,0.8539398825225625,B
21245,821,1369.57,0.000216935114809643,0.8541568176373722,B
23287,1633,1366.99,0.00021652645180139304,0.8543733440891735,B
20978,1018,1365.87,0.0002163490477047884,0.8545896931368783,B
22284,794,1365.86,0.00021634746373964015,0.8548060406006179,B
22799,159,1365.32,0.00021626192962163435,0.8550223025302396,B
22110,361,1363.31,0.00021594355262683496,0.8552382460828665,B
23148,1597,1363.1899999999998,0.0002159245450450559,0.8554541706279115,B
21114,1040,1357.47,0.0002150185169802537,0.8556691891448918,B
22986,3230,1356.6,0.00021488071201235546,0.8558840698569041,B
23181,155,1355.31,0.0002146763805082305,0.8560987462374123,B
21109,474,1354.6599999999999,0.00021457342277359385,0.856313319660186,B
22458,503,1350.75,0.00021395409240062595,0.8565272737525866,B
84828,984,1344.77,0.00021300688124196909,0.8567402806338286,B
22115,957,1344.2700000000002,0.00021292768298455635,0.8569532083168131,B
22101,592,1344.0,0.0002128849159255534,0.8571660932327386,B
22897,915,1338.51,0.00021201531905916109,0.8573781085517977,B
22712,3283,1334.9099999999999,0.00021144509160578903,0.8575895536434035,B
22285,780,1334.5599999999997,0.00021138965282560006,0.8578009432962291,B
22671,821,1333.1999999999998,0.00021117423356543732,0.8580121175297946,B
85061W,1504,1327.4799999999998,0.00021026820550063512,0.8582223857352952,B
21917,3249,1327.44,0.00021026186964004213,0.8584326476049352,B
23020,109,1322.6200000000001,0.00020949839843858293,0.8586421460033737,B
22483,450,1319.94,0.00020907389577885042,0.8588512198991526,B
21246,282,1316.98,0.00020860504209496675,0.8590598249412476,B
22526,100,1314.45,0.0002082042989124581,0.85926802924016,B
23085,146,1312.0,0.00020781622745113547,0.8594758454676111,B
22985,3331,1311.02,0.00020766099886660643,0.8596835064664777,B
22293,889,1310.98,0.00020765466300601339,0.8598911611294837,B
15044A,418,1309.66,0.00020744557960644368,0.8600986067090901,B
22852,289,1308.43,0.00020725075189320823,0.8603058574609833,B
22059,883,1307.3899999999999,0.0002070860195177896,0.8605129434805011,B
84510A,926,1306.6399999999999,0.00020696722213167044,0.8607199107026328,B
22085,471,1305.54,0.00020679298596536233,0.8609267036885981,B
22744,435,1301.0900000000001,0.00020608812147438862,0.8611327918100725,B
22037,3017,1301.0,0.0002060738657880543,0.8613388656758606,B
22583,484,1299.37,0.00020581567946888863,0.8615446813553295,B
22441,598,1296.51,0.00020536266543648755,0.8617500440207659,B
22834,935,1289.59,0.00020426656155389465,0.8619543105823199,B
23315,137,1289.57,0.00020426339362359815,0.8621585739759434,B
23145,1366,1289.4699999999998,0.00020424755397211556,0.8623628215299155,B
37340,1988,1281.86,0.00020304215649429307,0.8625658636864098,B
21328,825,1280.56,0.00020283624102501984,0.8627686999274348,B
23210,1044,1278.31,0.00020247984886666233,0.8629711797763014,B
21981,4547,1277.4499999999998,0.00020234362786391232,0.8631735234041653,B
22227,1731,1277.13,0.0002022929409791682,0.8633758163451445,B
21115,183,1276.07,0.00020212504067345307,0.8635779413858179,B
22461,229,1275.1200000000001,0.0002019745639843688,0.8637799159498023,B
18097C,586,1273.9,0.00020178132023628164,0.8639816972700386,B
21686,33,1271.74,0.0002014391837642584,0.8641831364538028,B
22973,754,1271.6499999999999,0.00020142492807792407,0.8643845613818808,B
21506,2901,1270.21,0.0002011968370965753,0.8645857582189774,B
21897,405,1268.1899999999998,0.00020087687613662764,0.8647866350951141,B
22853,363,1267.21,0.00020072164755209862,0.8649873567426662,B
21382,993,1266.23,0.00020056641896756957,0.8651879231616338,B
22141,601,1262.64,0.00019999777547934582,0.8653879209371131,B
22675,1034,1262.12,0.0001999154092916365,0.8655878363464048,B
21494,690,1259.58,0.00019951308214397956,0.8657873494285487,B
72802C,298,1257.82,0.0001992343042778866,0.8659865837328267,B
21424,299,1257.25,0.00019914401826443603,0.8661857277510912,B
85040A,677,1255.09,0.0001988018817924128,0.8663845296328836,B
22428,171,1253.03,0.00019847558497187217,0.8665830052178555,B
22332,772,1252.04,0.00019831877242219484,0.8667813239902776,B
21528,173,1251.75,0.00019827283743289545,0.8669795968277105,B
22955,617,1251.7400000000002,0.00019827125346774722,0.8671778680811782,B
84818,1189,1250.67,0.00019810176919688385,0.8673759698503751,B
21870,940,1248.65,0.0001977818082369362,0.8675737516586121,B
84971S,1407,1247.34,0.0001975743088025147,0.8677713259674146,B
23244,681,1245.9099999999999,0.00019734780178631413,0.8679686737692008,B
21706,275,1244.14,0.00019706743995507293,0.8681657412091559,B
22200,261,1243.59,0.00019698032187191885,0.8683627215310278,B
22278,206,1242.12,0.00019674747899512527,0.8685594690100229,B
23302,759,1236.51,0.0001958588745469539,0.8687553278845699,B
21588,515,1234.9499999999998,0.000195611775983826,0.8689509396605537,B
23329,741,1231.9699999999998,0.00019513975436964581,0.8691460794149234,B
21179,1884,1228.16,0.0001945362636481605,0.8693406156785716,B
21206,886,1227.3999999999999,0.00019441588229689302,0.8695350315608684,B
84880,178,1226.63,0.00019429391698047737,0.8697293254778489,B
23360,671,1226.4099999999999,0.00019425906974721572,0.8699235845475961,B
22142,863,1225.4299999999998,0.00019410384116268667,0.8701176883887588,B
22363,442,1222.9,0.00019370309798017805,0.870311391486739,B
22534,2960,1219.49,0.00019316296586462285,0.8705045544526036,B
21829,5639,1219.47,0.00019315979793432635,0.8706977142505379,B
22335,1794,1215.78,0.00019257531479462004,0.8708902895653325,B
21509,2902,1210.53,0.00019174373309178584,0.8710820332984244,B
22220,108,1207.35,0.00019124003217464055,0.871273273330599,B
22199,255,1206.1499999999999,0.00019104995635684985,0.8714643232869559,B
22982,930,1204.48,0.0001907854341770912,0.8716551087211329,B
85132B,535,1202.4099999999999,0.00019045755339140225,0.8718455662745244,B
23226,940,1202.23,0.0001904290420187337,0.8720359953165431,B
23211,1007,1201.82,0.00019036409944765518,0.8722263594159907,B
22710,3051,1201.42,0.00019030074084172498,0.8724166601568324,B
21564,392,1197.72,0.00018971467373687042,0.8726063748305692,B
22318,358,1196.7,0.00018955310929174833,0.8727959279398609,B
21207,772,1196.35,0.00018949767051155937,0.8729854256103725,B
22311,407,1196.27,0.00018948499879037334,0.8731749106091629,B
20992,2586,1195.76,0.0001894042165678123,0.8733643148257306,B
20665,375,1193.73,0.0001890826716427164,0.8735533974973734,B
23427,97,1191.08,0.00018866292087842866,0.8737420604182518,B
22792,1186,1190.6799999999998,0.00018859956227249843,0.8739306599805242,B
22443,143,1183.89,0.0001875240499368329,0.874118184030461,B
21112,575,1181.29,0.00018711221899828643,0.8743052962494593,B
23119,1944,1178.82,0.0001867209796066673,0.874492017229066,B
22596,954,1176.68,0.00018638201106494062,0.8746783992401309,B
22399,1017,1175.91,0.00018626004574852495,0.8748646592858794,B
21967,4217,1174.6499999999999,0.0001860604661398447,0.8750507197520193,B
20985,912,1174.47,0.00018603195476717612,0.8752367517067865,B
84832,1316,1174.37,0.00018601611511569354,0.8754227678219022,B
21470,313,1173.8700000000001,0.0001859369168582808,0.8756087047387605,B
23280,1508,1168.94,0.00018515602204019079,0.8757938607608007,B
16161U,2775,1165.5,0.00018461113802919083,0.8759784718988298,B
23389,283,1162.73,0.00018417237968312405,0.876162644278513,B
85049C,943,1162.28,0.00018410110125145253,0.8763467453797644,B
21544,1392,1159.3999999999999,0.0001836449192887549,0.8765303902990532,B
23393,296,1159.28,0.00018362591170697584,0.8767140162107602,B
22975,877,1155.89,0.00018308894752171723,0.8768971051582819,B
20981,1291,1154.4099999999999,0.00018285452067977535,0.8770799596789617,B
21090,2208,1150.2,0.00018218767135235977,0.877262147350314,B
22434,584,1149.7,0.000182108473094947,0.877444255823409,B
23142,114,1148.02,0.00018184236695004005,0.8776260981903591,B
85049A,923,1147.31,0.0001817299054245139,0.8778078280957836,B
22945,1360,1139.21,0.00018044689365442687,0.877988274989438,B
84313C,501,1138.77,0.0001803771991879036,0.8781686521886259,B
21195,606,1138.58,0.00018034710385008673,0.878348999292476,B
23212,941,1138.27,0.00018029800093049083,0.8785292972934065,B
22073,277,1133.91,0.0001796073921258514,0.8787089046855323,B
21577,523,1133.6299999999999,0.0001795630411017002,0.878888467726634,B
37495,294,1132.34,0.00017935870959757524,0.8790678264362316,B
21395,2815,1130.09,0.00017900231743921773,0.8792468287536708,B
23061,863,1128.16,0.00017869661216560442,0.8794255253658364,B
23228,882,1127.52,0.00017859523839611606,0.8796041206042325,B
22770,68,1126.98,0.00017850970427811026,0.8797826303085107,B
22917,1648,1126.6200000000001,0.00017845268153277307,0.8799610829900435,B
22494,810,1125.1,0.0001782119188302382,0.8801392949088738,B
23005,2717,1125.05,0.0001782039990044969,0.8803174989078782,B
22639,436,1124.03,0.00017804243455937484,0.8804955413424376,B
85015,1325,1123.65,0.00017798224388374114,0.8806735235863213,B
22676,807,1115.25,0.0001766517131592064,0.8808501752994805,B
20973,1713,1108.14,0.0001755255139387967,0.8810257008134194,B
22916,1618,1105.8600000000001,0.00017516436988499444,0.8812008651833043,B
22070,307,1105.11,0.0001750455724988752,0.8813759107558032,B
20984,3601,1103.1899999999998,0.00017474145119041013,0.8815506522069937,B
22562,897,1101.43,0.00017446267332431718,0.881725114880318,B
22891,239,1099.6299999999999,0.00017417755959763114,0.8818992924399156,B
22536,2921,1091.92,0.00017295632246832612,0.8820722487623839,B
51014A,1902,1088.48,0.00017241143845732616,0.8822446602008412,B
84279P,266,1084.3799999999999,0.00017176201274654134,0.8824164222135877,B
21864,453,1083.72,0.0001716574710467565,0.8825880796846345,B
23138,783,1083.11,0.0001715608491727129,0.8827596405338072,B
23426,382,1082.98,0.0001715402576257856,0.882931180791433,B
23350,870,1082.67,0.00017149115470618966,0.8831026719461391,B
23086,910,1080.66,0.0001711727777113903,0.8832738447238505,B
22416,782,1080.18,0.00017109674738427402,0.8834449414712348,B
85106,631,1079.81,0.00017103814067378855,0.8836159796119085,B
21363,191,1079.77,0.00017103180481319553,0.8837870114167217,B
22449,337,1078.54,0.00017083697709996008,0.8839578483938216,B
85087,324,1075.1100000000001,0.00017029367705410843,0.8841281420708758,B
21519,2565,1075.04,0.00017028258929807063,0.8842984246601738,B
22828,7,1075.0,0.00017027625343747762,0.8844687009136113,B
21056,123,1073.53,0.00017004341056068404,0.884638744324172,B
21043,481,1073.37,0.00017001806711831194,0.8848087623912904,B
22651,1347,1072.8,0.00016992778110486138,0.8849786901723952,B
23249,618,1070.8999999999999,0.0001696268277266928,0.8851483170001219,B
22713,2525,1068.54,0.00016925301195170448,0.8853175700120736,B
22452,437,1068.0600000000002,0.00016917698162458825,0.8854867469936981,B
22716,2517,1063.48,0.00016845152558668715,0.8856551985192848,B
22928,175,1063.01,0.00016837707922471914,0.8858235755985094,B
21407,230,1062.94,0.00016836599146868137,0.8859919415899781,B
22918,1575,1061.47,0.0001681331485918878,0.88616007473857,B
22168,126,1060.8,0.00016802702292695464,0.8863281017614969,B
21913,277,1060.42,0.00016796683225132094,0.8864960685937482,B
22544,2648,1060.25,0.0001679399048438006,0.886664008498592,B
22176,347,1057.7300000000002,0.00016754074562644021,0.8868315492442184,B
23197,724,1056.44,0.00016733641412231521,0.8869988856583407,B
23034,735,1054.3899999999999,0.0001670117012669228,0.8871658973596076,B
22602,1120,1054.24,0.00016698794178969897,0.8873328853013973,B
22613,1348,1054.03,0.0001669546785215856,0.8874998399799189,B
22912,233,1051.27,0.00016651750414066707,0.8876663574840595,B
85054,451,1047.91,0.0001659852918508532,0.8878323427759104,B
21592,860,1047.64,0.00016594252479185028,0.8879982853007022,B
21627,51,1046.85,0.00016581739154513807,0.8881641026922473,B
22919,1502,1040.8600000000001,0.00016486859642133298,0.8883289712886686,B
22182,233,1037.41,0.0001643221284451848,0.8884932934171138,B
22175,336,1036.64,0.00016420016312876913,0.8886574935802426,B
22509,62,1033.6599999999999,0.00016372814151458892,0.8888212217217571,B
20801,887,1033.32,0.00016367428669954824,0.8889848960084566,B
21039,411,1032.21,0.00016349846656809187,0.8891483944750247,B
23270,754,1031.44,0.0001633765012516762,0.8893117709762763,B
22677,731,1030.49,0.0001632260245625919,0.889474997000839,B
22503,56,1025.1499999999999,0.0001623801871734234,0.8896373771880124,B
22161,2955,1024.79,0.00016232316442808622,0.8897997003524405,B
21391,1054,1020.88,0.00016170383405511829,0.8899614041864956,B
22060,223,1019.45,0.00016147732703891774,0.8901228815135346,B
22436,1553,1018.43,0.00016131576259379566,0.8902841972761284,B
21584,618,1015.6999999999999,0.00016088334010832186,0.8904450806162367,B
72807B,211,1014.9499999999999,0.0001607645427222027,0.8906058451589589,B
22860,587,1014.4699999999999,0.0001606885123950864,0.8907665336713539,B
22398,1504,1013.88,0.00016059505845133934,0.8909271287298053,B
22803,26,1011.8900000000001,0.0001602798493868365,0.8910874085791921,B
22714,2483,1010.99,0.0001601372925234935,0.8912475458717156,B
22921,1473,1007.0300000000001,0.00015951004232478427,0.8914070559140405,B
22929,16,1004.75,0.00015914889827098197,0.8915662048123114,B
23100,832,1004.12,0.0001590491084666419,0.8917252539207781,B
22063,321,1003.59,0.00015896515831378434,0.8918842190790919,B
21034,1056,1003.1999999999999,0.00015890338367300237,0.8920431224627648,B
21361,71,1002.9300000000001,0.00015886061661399948,0.8922019830793788,B
22208,941,996.42,0.00015782945530248507,0.8923598125346813,B
21902,1602,995.8500000000001,0.0001577391692890345,0.8925175517039704,B
22949,673,995.14,0.00015762670776350835,0.8926751784117339,B
84884A,237,993.6899999999999,0.00015739703281701127,0.892832575444551,B
72349B,393,993.3100000000001,0.00015733684214137757,0.8929899122866923,B
85059,328,991.82,0.00015710083133428749,0.8931470131180266,B
22362,309,988.63,0.00015659554645199394,0.8933036086644786,B
22999,2287,987.8100000000001,0.000156465661309837,0.8934600743257884,B
22047,2425,986.5,0.0001562581618754155,0.8936163324876638,B
21258,72,986.28,0.00015622331464215387,0.893772555802306,B
23000,2301,984.86,0.00015599839159110158,0.893928554193897,B
23333,783,983.09,0.00015571802975986035,0.8940842722236569,B
23323,464,980.2300000000001,0.00015526501572745926,0.8942395372393844,B
22977,752,979.3,0.00015511770696867146,0.8943946549463531,B
23359,529,977.55,0.00015484051306772673,0.8945494954594208,B
23388,237,975.97,0.00015459024657430237,0.894704085705995,B
22984,2422,974.4599999999999,0.00015435106783691575,0.8948584367738319,B
23349,763,973.11,0.00015413723254190125,0.8950125740063738,B
21188,317,971.6700000000001,0.00015390914156055246,0.8951664831479343,B
23048,229,971.0500000000001,0.0001538109357213606,0.8953202940836557,B
22375,219,969.87,0.00015362402783386644,0.8954739181114896,B
21469,259,969.07,0.00015349731062200598,0.8956274154221116,B
22531,2367,968.64,0.000153429200120631,0.8957808446222322,B
22245,1147,965.77,0.00015297460212308162,0.8959338192243552,B
23445,1202,965.66,0.0001529571785064508,0.8960867764028617,B
47585A,228,964.79,0.00015281937353855258,0.8962395957764002,B
46000M,622,964.1,0.00015271007994332295,0.8963923058563436,B
22739,530,962.86,0.00015251366826493924,0.8965448195246085,B
22459,373,962.45,0.00015244872569386079,0.8966972682503024,B
21986,3481,962.27,0.00015242021432119218,0.8968496884646235,B
22439,1447,962.1500000000001,0.0001524012067394131,0.897002089671363,B
22203,240,961.97,0.0001523726953667445,0.8971544623667297,B
71038,187,961.5500000000001,0.00015230616883051776,0.8973067685355602,B
21507,2224,959.14,0.00015192443322978818,0.89745869296879,B
22028,2260,958.78,0.00015186741048445096,0.8976105603792744,B
22315,739,957.6,0.0001516805025969568,0.8977622408818714,B
21987,1497,956.49,0.00015150468246550043,0.8979137455643369,B
23353,1163,955.1299999999999,0.00015128926320533766,0.8980650348275422,B
84813,97,955.1,0.0001512845113098929,0.898216319338852,B
22922,1071,954.3899999999999,0.00015117204978436674,0.8983674913886364,B
23330,745,952.73,0.00015090911156975632,0.8985184005002061,B
21730,192,952.6800000000001,0.00015090119174401506,0.8986693016919501,B
21901,1406,952.2700000000001,0.00015083624917293657,0.898820137941123,B
72807A,200,951.52,0.0001507174517868174,0.8989708553929099,B
22664,432,951.46,0.00015070794799592786,0.8991215633409058,B
22286,879,948.7299999999999,0.00015027552551045406,0.8992718388664163,B
23395,224,945.6,0.0001497797444190501,0.8994216186108354,B
84032A,284,942.33,0.0001492617878155705,0.899570880398651,B
70006,1494,939.02,0.00014873749535149788,0.8997196178940025,B
21123,750,935.37,0.00014815934807238458,0.8998677772420748,B
15044B,318,935.0200000000001,0.00014810390929219567,0.900015881151367,B
21832,517,933.4799999999999,0.00014785997865936426,0.9001637411300264,B
21811,1214,930.29,0.00014735469377707074,0.9003110958238034,B
22711,2252,929.84,0.00014728341534539925,0.9004583792391488,B
21467,247,929.35,0.0001472058010531347,0.9006055850402019,B
22947,61,928.67,0.00014709809142305334,0.900752683131625,B
22080,571,926.45,0.00014674645116014059,0.9008994295827852,B
22948,1054,926.0,0.0001466751727284691,0.9010461047555137,B
23503,757,925.25,0.00014655637534234992,0.901192661130856,B
22588,321,924.19,0.00014638847503663482,0.9013390496058927,B
84944,635,923.7099999999999,0.00014631244470951854,0.9014853620506023,B
23317,88,923.28,0.00014624433420814355,0.9016316063848104,B
23351,726,922.63,0.00014614137647350696,0.9017777477612839,B
22334,565,921.4899999999999,0.00014596080444660578,0.9019237085657306,B
21866,533,921.25,0.00014592278928304768,0.9020696313550136,B
23057,193,919.83,0.0001456978662319954,0.9022153292212456,B
22601,1164,918.7199999999999,0.000145522046100539,0.9023608512673461,B
22609,3789,918.43,0.00014547611111123958,0.9025063273784574,B
22076,544,917.8599999999999,0.00014538582509778902,0.9026517132035552,B
23073,76,917.6,0.00014534464200393439,0.9027970578455591,B
22809,316,917.4000000000001,0.00014531296270096927,0.90294237080826,B
21389,1058,915.8599999999999,0.0001450690320681379,0.9030874398403281,B
22811,336,913.5,0.0001446952162931496,0.9032321350566213,B
15044C,279,910.9700000000001,0.00014429447311064094,0.9033764295297319,B
82567,466,910.5600000000001,0.00014422953053956245,0.9035206590602715,B
85114A,499,909.83,0.0001441139010837398,0.9036647729613552,B
85183B,696,909.58,0.00014407430195503338,0.9038088472633102,B
22942,114,907.8000000000001,0.0001437923561586439,0.9039526396194689,B
85103,140,905.72,0.00014346289140780672,0.9040961025108767,B
22857,1086,905.54,0.0001434343800351381,0.9042395368909119,B
22445,306,902.3900000000001,0.00014293543101343763,0.9043824723219253,B
85159B,494,901.6999999999999,0.00014282613741820795,0.9045252984593435,B
22421,1625,901.66,0.00014281980155761494,0.9046681182609011,B
22281,127,898.87,0.00014237787528125162,0.9048104961361824,B
21466,246,889.35,0.0001408699404601123,0.9049513660766425,B
23250,645,883.69,0.00013997341618619962,0.9050913394928287,B
21586,355,883.65,0.00013996708032560658,0.9052313065731543,B
22976,693,883.24,0.00013990213775452812,0.9053712087109088,B
21192,505,882.4899999999999,0.00013978334036840893,0.9055109920512773,B
21329,529,875.66,0.00013870149217215036,0.9056496935434494,B
21830,2081,875.66,0.00013870149217215036,0.9057883950356215,B
82578,1428,872.11,0.00013813918454451963,0.905926534220166,B
21793,206,871.61,0.00013805998628710686,0.9060645942064531,B
22911,294,871.3000000000001,0.00013801088336751094,0.9062026050898206,B
22808,277,871.1100000000001,0.0001379807880296941,0.9063405858778504,B
22497,177,869.41,0.00013771151395449062,0.9064782973918049,B
37447,544,869.24,0.00013768458654697026,0.9066159819783518,B
21537,210,868.5799999999999,0.0001375800448471854,0.906753562023199,B
22121,149,866.95,0.00013732185852801974,0.906890883881727,B
23396,197,865.47,0.0001370874316860779,0.9070279713134131,B
23096,519,865.2699999999999,0.00013705575238311278,0.9071650270657962,B
47503A,1806,864.36,0.00013691161155462154,0.9073019386773508,B
22270,223,863.49,0.0001367738065867233,0.9074387124839375,B
21399,2060,861.6899999999999,0.00013648869286003729,0.9075752011767975,B
21422,1064,861.5,0.00013645859752222042,0.9077116597743197,B
84536A,1951,860.4,0.0001362843613559123,0.9078479441356756,B
72802B,203,860.27,0.000136263769808985,0.9079842079054846,B
23407,83,859.2499999999999,0.0001361022053638629,0.9081203101108485,B
21947,628,857.12,0.0001357648207872845,0.9082560749316357,B
21198,858,852.3599999999999,0.0001350108533767148,0.9083910857850125,B
22673,667,851.25,0.00013483503324525844,0.9085259208182578,B
21058,1026,850.53,0.00013472098775458403,0.9086606418060124,B
23087,691,850.05,0.00013464495742746775,0.9087952867634398,B
22995,1950,848.51,0.0001344010267946364,0.9089296877902344,B
23374,1049,845.8499999999999,0.0001339796920652004,0.9090636674822996,B
85039B,600,845.6399999999999,0.00013394642879708702,0.9091976139110967,B
22678,614,845.54,0.00013393058914560447,0.9093315445002422,B
22524,615,843.97,0.00013368190661732835,0.9094652264068596,B
22325,188,843.2800000000001,0.00013357261302209873,0.9095987990198816,B
21984,2793,842.1099999999999,0.0001333872890997528,0.9097321863089813,B
23121,2130,841.6899999999999,0.00013332076256352605,0.9098655070715449,B
22519,385,839.49,0.00013297229023090983,0.9099984793617758,B
22686,583,838.3100000000001,0.0001327853823434157,0.9101312647441192,B
47580,304,838.2099999999999,0.00013276954269193312,0.9102640342868111,B
20982,971,837.89,0.00013271885580718894,0.9103967531426184,B
21071,608,833.92,0.00013209002164333146,0.9105288431642617,B
22815,1954,833.61,0.00013204091872373556,0.9106608840829855,B
23334,1315,831.8100000000001,0.00013175580499704954,0.9107926398879825,B
37501,124,829.32,0.0001313613976751339,0.9109240012856576,B
21327,522,828.6199999999999,0.00013125052011475597,0.9110552518057724,B
22342,721,827.38,0.0001310541084363723,0.9111863059142088,B
21359,129,826.23,0.00013087195244432291,0.9113171778666531,B
23266,652,825.77,0.00013079909004750314,0.9114479769567007,B
22577,1680,823.3399999999999,0.00013041418651647702,0.9115783911432171,B
85114C,387,822.97,0.0001303555798059916,0.9117087467230232,B
23431,1046,822.0999999999999,0.00013021777483809334,0.9118389644978613,B
84950,1159,820.4300000000001,0.00012995325265833466,0.9119689177505196,B
85131A,923,819.03,0.00012973149753757888,0.9120986492480572,B
22817,1930,818.43,0.00012963645962868353,0.9122282857076859,B
21624,135,817.57,0.00012950023862593355,0.9123577859463118,B
23424,167,817.45,0.0001294812310441545,0.912487267177356,B
22231,777,815.67,0.00012919928524776498,0.9126164664626037,B
22915,1707,814.92,0.0001290804878616458,0.9127455469504654,B
84913A,235,814.83,0.00012906623217531153,0.9128746131826407,B
23274,497,814.0899999999999,0.00012894901875434058,0.9130035622013951,B
21717,351,813.47,0.00012885081291514876,0.9131324130143103,B
22997,1899,812.54,0.00012870350415636098,0.9132611165184666,B
22251,666,811.12,0.0001284785811053087,0.913389595099572,B
22065,1354,811.0,0.00012845957352352962,0.9135180546730954,B
22473,275,810.73,0.00012841680646452674,0.91364647147956,B
20886,407,809.43,0.00012821089099525348,0.9137746823705553,B
16016,985,808.65,0.00012808734171368955,0.9139027697122689,B
22242,532,807.63,0.0001279257772685675,0.9140306954895375,B
84459B,518,806.4499999999999,0.0001277388693810733,0.9141584343589186,B
22680,574,805.79,0.00012763432768128844,0.9142860686865999,B
23354,951,801.3299999999999,0.00012692787922516643,0.9144129965658251,B
21688,255,800.5300000000001,0.00012680116201330602,0.9145397977278384,B
72802A,183,799.99,0.0001267156278953002,0.9146665133557338,B
20963,562,799.4,0.00012662217395155312,0.9147931355296853,B
82599,353,799.3900000000001,0.00012662058998640487,0.9149197561196717,B
22211,671,798.9699999999999,0.0001265540634501781,0.9150463101831219,B
23067,189,796.7700000000001,0.0001262055911175619,0.9151725157742394,B
21508,1908,795.8,0.0001260519464981811,0.9152985677207376,B
23347,658,795.76,0.00012604561063758808,0.9154246133313751,B
23390,195,793.3900000000001,0.00012567021089745153,0.9155502835422726,B
21068,564,792.12,0.00012546904732362304,0.9156757525895962,B
23088,629,791.9,0.0001254342000903614,0.9158011867896866,B
21209,1000,791.68,0.0001253993528570998,0.9159265861425436,B
35924,434,791.11,0.00012530906684364923,0.9160518952093872,B
22249,904,790.02,0.00012513641464248935,0.9161770316240297,B
21055,83,789.41,0.00012503979276844577,0.9163020714167982,B
22419,1750,786.92,0.0001246453854465301,0.9164267168022447,B
84279B,195,785.95,0.00012449174082714934,0.9165512085430719,B
10125,1003,785.05,0.00012434918396380632,0.9166755577270357,B
84580,207,784.77,0.00012430483293965518,0.9167998625599754,B
85194L,901,783.79,0.0001241496043551261,0.9169240121643305,B
22719,552,783.54,0.00012411000522641972,0.9170481221695569,B
84912B,222,783.3100000000001,0.00012407357402800985,0.9171721957435849,B
23090,973,783.15,0.00012404823058563774,0.9172962439741705,B
22819,1828,782.91,0.00012401021542207962,0.9174202541895926,B
22708,1900,782.0,0.00012386607459358837,0.9175441202641862,B
22066,1632,780.86,0.00012368550256668722,0.9176678057667529,B
22262,856,780.64,0.0001236506553334256,0.9177914564220863,B
22024,1865,780.39,0.00012361105620471922,0.917915067478291,B
22119,114,777.88,0.00012321348095250704,0.9180382809592434,B
22893,1610,776.24,0.00012295371066819313,0.9181612346699116,B
47480,470,774.9599999999999,0.0001227509631292164,0.9182839856330408,B
23026,362,774.94,0.0001227477951989199,0.9184067334282398,B
23399,880,773.8299999999999,0.00012257197506746351,0.9185293054033072,B
23107,263,773.47,0.00012251495232212635,0.9186518203556293,B
84459A,506,772.66,0.00012238665114511763,0.9187742070067745,B
22530,1828,770.52,0.00012204768260339093,0.9188962546893779,B
85180A,347,769.94,0.00012195581262479212,0.9190182105020026,B
23273,464,768.2399999999999,0.00012168653854958863,0.9191398970405522,B
21628,37,767.07,0.00012150121462724275,0.9192613982551795,B
22742,263,765.1700000000001,0.00012120026124907419,0.9193825985164286,B
22402,1136,762.8,0.0001208248615089376,0.9195034233779374,B
22754,917,760.04,0.00012038768712801905,0.9196238110650654,B
37327,1453,759.39,0.00012028472939338243,0.9197440957944588,B
23281,987,758.41,0.00012012950080885339,0.9198642252952677,B
85127,137,758.0,0.00012006455823777492,0.9199842898535054,B
85227,895,757.42,0.00011997268825917607,0.9201042625417646,B
23178,263,754.97,0.00011958461679785347,0.9202238471585624,B
35651,345,753.99,0.00011942938821332441,0.9203432765467757,B
21204,437,752.81,0.00011924248032583024,0.9204625190271015,B
23404,145,752.7900000000001,0.00011923931239553376,0.9205817583394971,B
21773,797,752.52,0.00011919654533653083,0.9207009548848336,B
22608,3541,752.13,0.00011913477069574887,0.9208200896555293,B
51014C,1278,752.04,0.00011912051500941456,0.9209392101705387,B
20802,445,751.3699999999999,0.00011901438934448143,0.9210582245598832,B
21788,936,750.66,0.0001189019278189553,0.9211771264877021,B
22679,539,750.35,0.00011885282489935938,0.9212959793126014,B
21199,842,748.9499999999999,0.00011863106977860357,0.92141461038238,B
21200,552,748.56,0.00011856929513782161,0.9215331796775179,B
23153,194,747.1,0.0001183380362261763,0.9216515177137441,B
23179,263,745.77,0.00011812736886145831,0.9217696450826055,B
23546,1775,745.5,0.0001180846018024554,0.9218877296844079,B
22936,243,745.17,0.00011803233095256296,0.9220057620153604,B
22611,153,743.7900000000001,0.00011781374376210371,0.9221235757591225,B
23267,605,743.35,0.00011774404929558045,0.9222413198084181,B
22755,854,743.12,0.00011770761809717058,0.9223590274265152,B
22268,1686,741.27,0.00011741458454474328,0.9224764420110599,B
23213,597,741.01,0.00011737340145088863,0.9225938154125108,B
22472,140,740.6800000000001,0.00011732113060099621,0.9227111365431119,B
22372,168,737.84,0.00011687128449889162,0.9228280078276108,B
21774,771,737.64,0.00011683960519592649,0.9229448474328067,B
22540,1867,737.1999999999999,0.00011676991072940325,0.9230616173435361,B
22081,412,735.63,0.00011652122820112712,0.9231781385717373,B
22650,494,734.4599999999999,0.0001163359042787812,0.923294474476016,B
21633,103,733.4,0.00011616800397306611,0.923410642479989,B
21465,196,732.76,0.00011606663020357777,0.9235267091101926,B
21224,615,731.47,0.0001158622986994528,0.923642571408892,B
23436,622,730.73,0.00011574508527848188,0.9237583164941705,B
22094,1374,730.44,0.00011569915028918247,0.9238740156444597,B
22221,73,728.9699999999999,0.00011546630741238887,0.9239894819518721,B
22518,342,728.8900000000001,0.00011545363569120286,0.9241049355875633,B
23124,557,727.99,0.00011531107882785984,0.9242202466663912,B
21355,576,726.09,0.00011501012544969128,0.9243352567918409,B
23358,198,726.03,0.00011500062165880174,0.9244502574134997,B
22320,119,725.09,0.00011485172893486572,0.9245651091424346,B
21948,486,723.02,0.0001145238481491768,0.9246796329905838,B
21352,175,722.57,0.0001144525697175053,0.9247940855603013,B
22129,766,721.8199999999999,0.00011433377233138612,0.9249084193326327,B
22924,841,720.8199999999999,0.00011417537581656055,0.9250225947084493,B
79030G,1406,719.81,0.00011401539533658675,0.9251366101037859,B
22681,515,719.01,0.0001138886781247263,0.9252504987819106,B
23183,179,716.72,0.00011352595010577577,0.9253640247320164,B
22522,864,715.68,0.00011336121773035718,0.9254773859497467,B
23101,903,715.17,0.00011328043550779614,0.9255906663852546,B
22209,683,712.78,0.00011290186783736306,0.925703568253092,B
21354,542,710.15,0.00011248528500337183,0.9258160535380954,B
21211,503,709.9,0.00011244568587466545,0.92592849922397,B
22228,826,708.2199999999999,0.0001121795797297585,0.9260406788036998,B
22341,396,707.2099999999999,0.00011201959924978468,0.9261526984029496,B
22317,241,706.36,0.00011188496221218297,0.9262645833651617,B
85185B,238,705.6200000000001,0.00011176774879121206,0.9263763511139529,B
21084,2367,705.21,0.00011170280622013358,0.926488053920173,B
21272,502,704.95,0.00011166162312627893,0.9265997155432992,B
22312,228,703.8400000000001,0.00011148580299482258,0.926711201346294,B
21107,239,703.69,0.00011146204351759873,0.9268226633898117,B
22321,731,703.31,0.00011140185284196499,0.9269340652426536,B
23102,855,702.81,0.00011132265458455221,0.9270453878972382,B
23357,157,700.35,0.00011093299915808135,0.9271563208963963,B
22074,717,698.79,0.00011068590059495346,0.9272670067969913,B
22757,552,698.77,0.00011068273266465695,0.9273776895296559,B
21631,129,698.63,0.00011066055715258138,0.9274883500868085,B
22476,115,698.08,0.00011057343906942733,0.9275989235258779,B
22046,1700,698.0,0.00011056076734824128,0.9277094842932262,B
20961,484,696.96,0.0001103960349728227,0.9278198803281991,B
22322,773,696.55,0.00011033109240174421,0.9279302114206008,B
84596G,1452,695.64,0.00011018695157325295,0.9280403983721741,B
23432,832,695.2399999999999,0.00011012359296732272,0.9281505219651415,B
22250,792,695.04,0.00011009191366435762,0.9282606138788059,B
85039A,475,694.9699999999999,0.00011008082590831982,0.9283706947047142,B
22923,840,694.1999999999999,0.00010995886059190414,0.9284806535653062,B
22254,544,693.13,0.00010978937632104079,0.9285904429416272,B
85163B,78,687.63,0.00010891819548950021,0.9286993611371167,B
22573,874,687.52,0.0001089007718728694,0.9288082619089896,B
21288,230,687.2,0.00010885008498812524,0.9289171119939778,B
21991,405,685.97,0.00010865525727488978,0.9290257672512526,B
22376,158,685.18,0.00010853012402817759,0.9291342973752809,B
22500,125,682.99,0.00010818323566070962,0.9292424806109416,B
22614,2195,682.6299999999999,0.00010812621291537239,0.929350606823857,B
51014L,1216,682.51,0.00010810720533359335,0.9294587140291906,B
85116,600,681.84,0.00010800107966866023,0.9295667151088592,B
21111,373,681.54,0.00010795356071421254,0.9296746686695735,B
23214,325,680.72,0.0001078236755720556,0.9297824923451455,B
23099,103,678.09,0.00010740709273806438,0.9298898994378836,B
20752,307,676.85,0.00010721068105968067,0.9299971101189433,B
23352,540,676.82,0.00010720592916423591,0.9301043160481075,B
21383,900,675.71,0.00010703010903277953,0.9302113461571403,B
84796A,75,675.27,0.00010696041456625629,0.9303183065717066,B
22994,1560,674.26,0.00010680043408628247,0.9304251070057928,B
79160,386,674.03,0.00010676400288787258,0.9305318710086807,B
23033,475,673.7099999999999,0.0001067133160031284,0.9306385843246838,B
84509G,355,672.48,0.00010651848828989297,0.9307451028129737,B
23265,511,670.29,0.000106171599922425,0.9308512744128962,B
21294,1471,669.59,0.0001060607223620471,0.9309573351352582,B
21872,533,669.5600000000001,0.00010605597046660234,0.9310633911057249,B
21398,1510,668.63,0.00010590866170781456,0.9311692997674327,B
23327,1079,668.21,0.00010584213517158784,0.9312751419026043,B
22279,617,667.66,0.00010575501708843377,0.9313808969196927,B
20846,504,665.73,0.00010544931181482044,0.9314863462315075,B
22683,484,663.47,0.00010509133569131467,0.9315914375671989,B
23438,514,661.86,0.00010483631730244552,0.9316962738845013,B
22523,773,660.9499999999999,0.00010469217647395424,0.9318009660609752,B
22706,1607,658.94,0.00010437379947915489,0.9319053398604543,B
22539,1601,657.99,0.0001042233227900706,0.9320095631832443,B
22474,115,657.33,0.00010411878109028573,0.9321136819643346,B
85159A,384,656.8,0.00010403483093742817,0.9322177167952721,B
47593B,1407,656.27,0.00010395088078457064,0.9323216676760566,B
85130B,727,655.51,0.00010383049943330321,0.9324254981754899,B
84872A,59,655.0899999999999,0.00010376397289707646,0.932529262148387,B
21476,38,654.78,0.00010371486997748055,0.9326329770183646,B
21679,725,653.6899999999999,0.00010354221777632068,0.9327365192361409,B
22696,347,651.65,0.00010321908888607655,0.932839738325027,B
23041,156,651.5400000000001,0.00010320166526944575,0.9329429399902964,B
79164,1624,651.0,0.00010311613115143993,0.9330460561214479,B
23104,54,649.8,0.00010292605533364925,0.9331489821767815,B
23002,1519,649.25,0.0001028389372504952,0.933251821114032,B
22959,1650,649.0,0.0001027993381217888,0.9333546204521538,B
22682,484,648.69,0.00010275023520219289,0.933457370687356,B
23217,546,648.11,0.00010265836522359406,0.9335600290525796,B
23264,498,647.99,0.000102639357641815,0.9336626684102214,B
22471,183,647.8100000000001,0.0001026108462691464,0.9337652792564906,B
23324,320,647.62,0.00010258075093132954,0.9338678600074218,B
84660A,709,646.5,0.00010240334683472491,0.9339702633542566,B
23433,737,646.27,0.00010236691563631502,0.934072630269893,B
22316,586,643.72,0.00010196300452350985,0.9341745932744164,B
85212,2026,643.0999999999999,0.000101864798684318,0.9342764580731008,B
22166,58,641.09,0.00010154642168951864,0.9343780044947902,B
21927,516,637.4,0.0001009619385498123,0.93447896643334,B
22309,241,637.23,0.00010093501114229196,0.9345799014444823,B
85114B,341,637.1899999999999,0.00010092867528169893,0.934680830119764,B
21894,445,634.9,0.00010056594726274841,0.9347813960670267,B
22062,543,631.94,0.00010009709357886475,0.9348814931606055,B
84519A,312,631.61,0.00010004482272897232,0.9349815379833345,B
85038,294,631.23,9.99846320533386e-05,0.9350815226153878,B
21065,358,630.88,9.992919327314965e-05,0.935181451808661,B
22287,580,629.9799999999999,9.978663640980663e-05,0.9352812384450708,B
47574A,524,629.7,9.97422853856555e-05,0.9353809807304565,B
23140,152,629.1800000000001,9.965991919794621e-05,0.9354806406496544,B
22685,478,628.99,9.962982386012935e-05,0.9355802704735146,B
22075,400,628.42,9.953953784667877e-05,0.9356798100113612,B
22438,331,627.62,9.941282063481832e-05,0.9357792228319961,B
85049D,491,627.41,9.937955736670495e-05,0.9358786023893628,B
21462,91,627.33,9.936688564551891e-05,0.9359779692750083,B
16237,2935,626.22,9.919106551406254e-05,0.9360771603405224,B
22480,526,623.44,9.875072320284749e-05,0.9361759110637252,B
22814,1488,623.16,9.870637217869632e-05,0.9362746174359039,B
22737,348,623.05,9.868894856206551e-05,0.9363733063844659,B
22264,1018,621.62,9.846244154586497e-05,0.9364717688260118,B
22715,1487,621.26,9.840541880052776e-05,0.9365701742448124,B
35648,607,620.63,9.830562899618766e-05,0.9366684798738085,B
21530,621,619.1500000000001,9.807120215424585e-05,0.9367665510759627,B
22520,716,618.74,9.800625958316735e-05,0.9368645573355459,B
84012,522,617.24,9.776866481092901e-05,0.9369623260003568,B
21846,288,617.18,9.775916102003946e-05,0.9370600851613768,B
21289,493,616.25,9.76118522612517e-05,0.937157697013638,B
21694,232,616.12,9.759126071432438e-05,0.9372552882743523,B
22246,302,614.92,9.74011848965337e-05,0.9373526894592489,B
84789,180,614.35,9.731089888308314e-05,0.937450000358132,B
85141,122,614.24,9.729347526645232e-05,0.9375472938333984,B
23006,1422,613.43,9.716517408944361e-05,0.9376444590074878,B
84843,110,612.7,9.704954463362097e-05,0.9377415085521215,B
22210,657,611.52,9.68626367461268e-05,0.9378383711888676,B
22132,657,610.8,9.674859125545238e-05,0.937935119780123,B
21747,460,610.73,9.673750349941461e-05,0.9380318572836224,B
85183A,493,610.67,9.672799970852507e-05,0.9381285852833309,B
23186,1261,610.37,9.66804807540774e-05,0.9382252657640849,B
23004,1372,610.27,9.666464110259485e-05,0.9383219304051875,B
22733,469,609.51,9.654425975132742e-05,0.9384184746649389,B
84509B,163,607.71,9.625914602464142e-05,0.9385147338109635,B
23106,205,606.65,9.609124571892631e-05,0.9386108250566825,B
85131D,713,605.5699999999999,9.592017748291471e-05,0.9387067452341654,B
22802,33,605.43,9.589800197083912e-05,0.9388026432361363,B
84763,475,605.3,9.58774104239118e-05,0.9388985206465602,B
84596L,1228,605.1999999999999,9.586157077242925e-05,0.9389943822173327,B
23187,2028,605.16,9.585523491183624e-05,0.9390902374522445,B
22343,1084,604.0,9.567149495463858e-05,0.9391859089471991,B
79191C,821,602.81,9.548300310199615e-05,0.9392813919503011,B
21949,470,601.6,9.529134331905724e-05,0.9393766832936202,B
22190,330,600.99,9.519472144501364e-05,0.9394718780150653,B
84637,114,600.92,9.518363368897585e-05,0.9395670616487543,B
21291,691,600.61,9.513453076937993e-05,0.9396621961795236,B
22288,465,599.4,9.4942870986441e-05,0.9397571390505101,B
22736,361,598.85,9.485575290328696e-05,0.9398519948034133,B
21208,699,598.29,9.476705085498463e-05,0.9399467618542683,B
22475,103,597.6800000000001,9.467042898094105e-05,0.9400414322832492,B
84536B,1420,597.51,9.464350157342069e-05,0.9401360757848226,B
21789,683,596.39,9.446609747681606e-05,0.9402305418822994,B
35810A,593,594.26,9.412871290023763e-05,0.9403246705951996,B
79163,1509,593.55,9.401625137471147e-05,0.9404186868465744,B
22123,270,593.39,9.399090793233939e-05,0.9405126777545068,B
84800L,338,592.72,9.388478226740627e-05,0.9406065625367742,B
84849D,338,592.02,9.377390470702837e-05,0.9407003364414812,B
22684,433,591.92,9.375806505554581e-05,0.9407940945065367,B
22705,1408,591.36,9.36693630072435e-05,0.940887763869544,B
85049H,552,591.25,9.365193939061269e-05,0.9409814158089346,B
23391,147,590.0500000000001,9.346186357282202e-05,0.9410748776725074,B
22592,160,589.4,9.33589058381854e-05,0.9411682365783456,B
20967,154,588.63,9.323694052176972e-05,0.9412614735188674,B
23120,1474,587.85,9.311339124020579e-05,0.9413545869101075,B
23400,93,587.46,9.305161659942382e-05,0.941447638526707,B
84660C,513,586.7800000000001,9.294390696934245e-05,0.9415405824336763,B
22701,336,586.58,9.291222766637732e-05,0.9416334946613427,B
22453,231,586.49,9.289797198004302e-05,0.9417263926333228,B
85169A,570,586.07,9.283144544381629e-05,0.9418192240787666,B
22258,592,585.33,9.271423202284537e-05,0.9419119383107895,B
22136,337,584.55,9.259068274128142e-05,0.9420045289935307,B
47504H,625,584.37,9.256217136861283e-05,0.9420970911648994,B
22810,193,584.35,9.255900343831633e-05,0.9421896501683377,B
22035,1382,583.72,9.245921363397622e-05,0.9422821093819717,B
21683,189,583.1100000000001,9.236259175993265e-05,0.9423744719737316,B
21705,353,579.41,9.177652465507805e-05,0.9424662484983867,B
85144,221,579.35,9.176702086418851e-05,0.9425580155192509,B
22247,655,579.27,9.175434914300246e-05,0.9426497698683939,B
23411,121,578.07,9.156427332521181e-05,0.9427413341417191,B
22758,449,577.54,9.148032317235425e-05,0.9428328144648914,B
20931,158,575.51,9.115877824725837e-05,0.9429239732431387,B
23394,136,573.36,9.081822574038341e-05,0.9430147914688791,B
84929,2118,573.0600000000001,9.077070678593575e-05,0.9431055621756651,B
23348,258,572.97,9.075645109960145e-05,0.9431963186267647,B
23331,890,572.86,9.073902748297062e-05,0.9432870576542477,B
22525,450,572.82,9.073269162237761e-05,0.9433777903458701,B
85170D,320,572.81,9.073110765722935e-05,0.9434685214535273,B
22201,142,572.72,9.071685197089505e-05,0.9435592383054983,B
23414,58,570.42,9.035253998679625e-05,0.943649590845485,B
21708,130,569.88,9.026700586879046e-05,0.9437398578513538,B
21905,489,569.5600000000001,9.021631898404628e-05,0.9438300741703379,B
20658,382,569.46,9.020047933256372e-05,0.9439202746496705,B
85036A,131,569.35,9.018305571593291e-05,0.9440104577053865,B
23056,90,568.71,9.008168194644455e-05,0.944100539387333,B
21205,214,567.9799999999999,8.996605249062187e-05,0.9441905054398236,B
22025,1373,567.55,8.98979419892469e-05,0.9442804033818128,B
84660B,570,567.32,8.986151079083704e-05,0.9443702648926037,B
21171,409,567.27,8.985359096509574e-05,0.9444601184835688,B
22026,1333,567.03,8.98155758015376e-05,0.9445499340593704,B
15034,4180,567.0200000000001,8.981399183638937e-05,0.9446397480512068,B
22732,434,566.75,8.977122477738645e-05,0.9447295192759841,B
46775D,49,566.39,8.971420203204925e-05,0.9448192334780162,B
21693,184,565.5200000000001,8.957639706415103e-05,0.9449088098750804,B
23125,453,564.96,8.948769501584871e-05,0.9449982975700962,B
22442,69,564.23,8.937206556002605e-05,0.9450876696356563,B
22107,143,563.51,8.925802006935164e-05,0.9451769276557256,B
85176,632,562.52,8.910120751967432e-05,0.9452660288632453,B
21096,1227,562.4499999999999,8.909011976363654e-05,0.945355118983009,B
22718,1269,562.01,8.90204252971133e-05,0.9454441394083061,B
21126,446,561.46,8.893330721395924e-05,0.94553307271552,B
21448,327,561.15,8.888420429436331e-05,0.9456219569198143,B
22981,387,560.28,8.874639932646508e-05,0.9457107033191408,B
22267,545,559.68,8.865136141756973e-05,0.9457993546805583,B
22314,180,559.0600000000001,8.85531555783779e-05,0.9458879078361367,B
22276,205,558.39,8.844702991344477e-05,0.9459763548660501,B
22194,60,557.73,8.83424882136599e-05,0.9460646973542638,B
22133,581,557.18,8.825537013050584e-05,0.9461529527243943,B
21786,1207,557.08,8.823953047902329e-05,0.9462411922548732,B
21215,760,556.78,8.81920115245756e-05,0.9463293842663978,B
16169E,1325,556.5,8.814766050042446e-05,0.9464175319268983,B
22578,1350,555.6199999999999,8.800827156737795e-05,0.9465055401984657,B
23071,47,555.1,8.792590537966868e-05,0.9465934661038453,B
23444,36,555.0,8.791006572818612e-05,0.9466813761695735,B
84031B,119,554.96,8.79037298675931e-05,0.946769279899441,B
22304,207,554.36,8.780869195869776e-05,0.9468570885913997,B
21880,1204,553.73,8.770890215435766e-05,0.9469447974935541,B
22821,934,553.59,8.768672664228208e-05,0.9470324842201964,B
23018,46,549.6600000000001,8.706422833901763e-05,0.9471195484485354,B
22186,235,549.53,8.704363679209029e-05,0.9472065920853275,B
23024,209,549.3100000000001,8.700878955882868e-05,0.9472936008748863,B
22559,459,548.36,8.68583128697444e-05,0.947380459187756,B
16235,2468,548.28,8.684564114855834e-05,0.9474673048289046,B
21464,129,548.25,8.684088925311358e-05,0.9475541457181578,B
84509C,126,547.08,8.665556533076769e-05,0.9476408012834885,B
23282,598,547.02,8.664606153987814e-05,0.9477274473450283,B
22204,149,545.67,8.643222624486363e-05,0.9478138795712732,B
85187,330,544.9799999999999,8.632293264963399e-05,0.9479002025039228,B
23378,1550,544.9,8.631026092844795e-05,0.9479865127648512,B
21408,103,542.97,8.600455565483463e-05,0.9480725173205061,B
21696,182,542.58,8.594278101405266e-05,0.9481584601015202,B
22905,186,542.2800000000001,8.5895262059605e-05,0.9482443553635798,B
22021,323,541.15,8.57162739978521e-05,0.9483300716375777,B
84032B,164,539.22,8.541056872423877e-05,0.9484154822063019,B
21473,23,538.86,8.535354597890157e-05,0.9485008357522808,B
84031A,111,538.5,8.529652323356436e-05,0.9485861322755144,B
23493,269,537.95,8.520940515041032e-05,0.9486713416806648,B
21163,926,537.7099999999999,8.517138998685217e-05,0.9487565130706517,B
40001,650,537.53,8.514287861418357e-05,0.9488416559492658,B
17091J,1267,536.87,8.50383369143987e-05,0.9489266942861803,B
84912A,149,534.37,8.46423456273348e-05,0.9490113366318076,B
22537,1204,533.99,8.458215495170109e-05,0.9490959187867593,B
22252,457,533.63,8.452513220636389e-05,0.9491804439189656,B
22071,144,533.6,8.452038031091912e-05,0.9492649642992765,B
23418,262,533.52,8.450770858973307e-05,0.9493494720078662,B
85130D,526,533.3199999999999,8.447602928676795e-05,0.949433948037153,B
23123,672,532.92,8.441267068083773e-05,0.9495183607078338,B
22091,910,531.83,8.424001847967789e-05,0.9496026007263135,B
84665,89,529.55,8.387887442587559e-05,0.9496864796007394,B
22521,614,528.14,8.365553533997156e-05,0.9497701351360793,B
21643,389,528.02,8.363652775819249e-05,0.9498537716638376,B
21125,419,527.38,8.353515398870413e-05,0.9499373068178263,B
20686,158,527.02,8.347813124336693e-05,0.9500207849490696,C
35646,355,525.92,8.33038950770588e-05,0.9501040888441467,C
10002,609,525.48,8.323420061053557e-05,0.9501873230447572,C
21397,1060,525.35,8.321360906360825e-05,0.9502705366538208,C
21775,391,524.7,8.311065132897164e-05,0.9503536473051497,C
20785,14,523.3000000000001,8.288889620821586e-05,0.9504365362013579,C
22761,20,523.18,8.286988862643677e-05,0.9505194060899844,C
22514,244,521.6700000000001,8.26307098890502e-05,0.9506020367998734,C
21504,1272,521.16,8.254992766648914e-05,0.95068458672754,C
22785,75,520.33,8.241845855918393e-05,0.9507670051860991,C
84913B,137,519.71,8.23202527199921e-05,0.9508493254388192,C
85016,547,519.47,8.228223755643395e-05,0.9509316076763756,C
21617,200,518.53,8.213334483249792e-05,0.9510137410212082,C
23403,132,517.26,8.193218125866947e-05,0.9510956732024668,C
20839,379,516.27,8.177536870899215e-05,0.9511774485711758,C
22444,393,515.69,8.168349873039334e-05,0.9512591320699062,C
21262,144,515.1600000000001,8.159954857753579e-05,0.9513407316184838,C
84535B,797,515.11,8.159162875179451e-05,0.9514223232472355,C
17129F,544,515.0799999999999,8.158687685634972e-05,0.9515039101240919,C
84519B,302,512.77,8.12209809071027e-05,0.951585131104999,C
22403,991,512.22,8.113386282394864e-05,0.9516662649678229,C
22565,557,511.66999999999996,8.104674474079457e-05,0.9517473117125637,C
23025,230,511.2,8.097229837882657e-05,0.9518282840109424,C
23550,1255,511.1,8.095645872734401e-05,0.9519092404696697,C
84748,186,510.67,8.088834822596902e-05,0.9519901288178957,C
20902,97,508.8,8.059214674324522e-05,0.952070720964639,C
22233,438,508.03999999999996,8.047176539197778e-05,0.9521511927300309,C
22786,77,507.19,8.033712835437606e-05,0.9522315298583853,C
21707,112,506.99,8.030544905141095e-05,0.9523118353074368,C
22533,1453,506.51,8.022941872429468e-05,0.9523920647261611,C
23017,43,505.1,8.000607963839064e-05,0.9524720708057995,C
23271,624,503.67999999999995,7.978115658733834e-05,0.9525518519623869,C
21620,219,503.11,7.969087057388778e-05,0.9526315428329608,C
85032A,521,502.43000000000006,7.95831609438064e-05,0.9527111259939046,C
85078,1377,500.81,7.932655858978899e-05,0.9527904525524944,C
35241,99,500.25,7.923785654148668e-05,0.9528696904090359,C
22336,1447,499.95000000000005,7.919033758703902e-05,0.952948880746623,C
21455,592,498.97999999999996,7.903669296765821e-05,0.9530279174395906,C
23180,92,497.97,7.88767124876844e-05,0.9531067941520782,C
23022,266,497.6,7.881810577719895e-05,0.9531856122578554,C
22103,268,497.03999999999996,7.872940372889663e-05,0.9532643416615842,C
35809A,420,496.78,7.868822063504198e-05,0.9533430298822193,C
22099,829,496.33000000000004,7.861694220337048e-05,0.9534216468244227,C
21446,354,496.04,7.857100721407107e-05,0.9535002178316367,C
21064,87,496.03000000000003,7.856942324892282e-05,0.9535787872548857,C
22400,900,495.86,7.854249584140246e-05,0.953657329750727,C
84819,363,495.39,7.846804947943445e-05,0.9537357978002065,C
22535,1351,495.18,7.843478621132108e-05,0.9538142325864177,C
22837,89,494.87,7.838568329172516e-05,0.9538926182697095,C
85232D,97,493.41,7.815442438007985e-05,0.9539707726940896,C
20702,115,492.79,7.8056218540888e-05,0.9540488289126304,C
84558A,170,492.0,7.79310852941758e-05,0.9541267599979246,C
21654,974,491.96000000000004,7.792474943358279e-05,0.9542046847473582,C
84659A,207,491.8,7.78994059912107e-05,0.9542825841533494,C
20840,428,490.68,7.772200189460607e-05,0.954360306155244,C
23545,1205,490.1,7.763013191600724e-05,0.95443793628716,C
20866,442,487.03,7.714385461549276e-05,0.9545150801417756,C
85025C,302,486.14,7.700288171729802e-05,0.9545920830234929,C
21468,127,486.06,7.699020999611198e-05,0.9546690732334889,C
22482,414,485.86,7.695853069314686e-05,0.954746031764182,C
21682,92,485.46000000000004,7.689517208721664e-05,0.9548229269362692,C
46776F,115,484.95,7.68143898646556e-05,0.9548997413261339,C
22130,571,484.68999999999994,7.677320677080094e-05,0.9549765145329047,C
21292,663,484.46999999999997,7.673835953753933e-05,0.9550532528924423,C
21636,624,484.2,7.669559247853643e-05,0.9551299484849208,C
21784,42,483.82,7.663540180290272e-05,0.9552065838867237,C
21270,46,483.47,7.657996302271378e-05,0.9552831638497464,C
22248,548,483.24,7.654353182430389e-05,0.9553597073815707,C
21742,80,482.51,7.642790236848123e-05,0.9554361352839392,C
23434,478,481.54,7.627425774910045e-05,0.9555124095416884,C
21680,542,481.01,7.619030759624288e-05,0.9555885998492846,C
22594,559,480.72999999999996,7.614595657209173e-05,0.9556647458058567,C
23373,607,480.16999999999996,7.605725452378941e-05,0.9557408030603805,C
35923,778,479.92,7.601765539508303e-05,0.9558168207157756,C
84816,12,479.40000000000003,7.593528920737374e-05,0.9558927560049829,C
22862,103,478.87,7.58513390545162e-05,0.9559686073440374,C
22261,530,478.58,7.580540406521678e-05,0.9560444127481027,C
20767,190,478.46,7.578639648343771e-05,0.9561201991445861,C
72800E,188,477.23,7.559156877020227e-05,0.9561957907133564,C
22068,205,477.08,7.556780929297843e-05,0.9562713585226493,C
20996,1998,476.74,7.551395447793775e-05,0.9563468724771272,C
22709,1200,476.0,7.539674105696683e-05,0.9564222692181842,C
22546,1230,475.85999999999996,7.537456554489125e-05,0.956497643783729,C
85173,277,474.42999999999995,7.514805852869069e-05,0.9565727918422577,C
79302M,166,474.02,7.508311595761222e-05,0.9566478749582153,C
72232,2493,473.67,7.502767717742328e-05,0.9567229026353927,C
21162,793,473.45,7.499282994416164e-05,0.9567978954653369,C
22861,275,473.42999999999995,7.498966201386514e-05,0.9568728851273508,C
84569D,408,472.21999999999997,7.47980022309262e-05,0.9569476831295818,C
85071B,820,472.16,7.478849844003668e-05,0.9570224716280218,C
22446,168,471.94,7.475365120677505e-05,0.9570972252792286,C
85170C,262,471.72,7.471880397351344e-05,0.957171944083202,C
21925,377,471.25,7.464435761154542e-05,0.9572465884408136,C
21158,836,470.29999999999995,7.449388092246112e-05,0.9573210823217361,C
22731,385,469.95,7.443844214227218e-05,0.9573955207638783,C
22806,156,469.40000000000003,7.435132405911814e-05,0.9574698720879374,C
21695,155,468.61000000000007,7.422619081240595e-05,0.9575440982787499,C
21454,554,467.46,7.404403482035654e-05,0.9576181423135702,C
23139,348,466.91999999999996,7.395850070235074e-05,0.9576921008142726,C
21983,1489,466.71,7.392523743423737e-05,0.9577660260517068,C
23437,369,466.09,7.382703159504552e-05,0.9578398530833019,C
21709,104,465.86,7.379060039663564e-05,0.9579136436836985,C
22515,219,465.11000000000007,7.367180301051649e-05,0.957987315486709,C
23070,109,464.77000000000004,7.361794819547579e-05,0.9580609334349045,C
35471D,808,464.19,7.352607821687696e-05,0.9581344595131214,C
21926,377,463.65,7.344054409887116e-05,0.9582079000572202,C
23072,31,462.26,7.322037294326363e-05,0.9582811204301634,C
22615,1552,461.41999999999996,7.308731987081015e-05,0.9583542077500342,C
21883,1115,461.15000000000003,7.304455281180726e-05,0.958427252302846,C
85017B,863,460.56,7.295109886806018e-05,0.958500203401714,C
22324,211,460.42999999999995,7.293050732113285e-05,0.9585731339090352,C
21642,1300,459.87999999999994,7.284338923797878e-05,0.9586459772982732,C
23325,282,459.85999999999996,7.284022130768228e-05,0.9587188175195809,C
22260,451,458.22999999999996,7.258203498851662e-05,0.9587913995545694,C
22098,810,457.76,7.25075886265486e-05,0.9588639071431959,C
23019,59,457.15000000000003,7.241096675250501e-05,0.9589363181099484,C
21191,208,456.31,7.227791368005154e-05,0.9590085960236284,C
21809,779,456.12,7.224781834223469e-05,0.9590808438419707,C
21812,88,455.85,7.220505128323179e-05,0.9591530488932539,C
21634,925,455.7,7.218129180600795e-05,0.9592252301850599,C
21677,522,454.52,7.199438391851379e-05,0.9592972245689784,C
22481,488,454.1,7.192785738228705e-05,0.9593691524263607,C
21613,151,453.9700000000001,7.190726583535975e-05,0.9594410596921961,C
21823,663,453.93999999999994,7.190251393991496e-05,0.959512962206136,C
21813,98,453.62,7.185182705517078e-05,0.9595848140331912,C
21865,210,453.57000000000005,7.184390722942952e-05,0.9596566579404207,C
22571,513,451.32,7.148751507107199e-05,0.9597281454554917,C
23221,518,449.93999999999994,7.126892788061271e-05,0.9597994143833722,C
23401,69,449.88,7.12594240897232e-05,0.9598706738074619,C
21684,601,449.74,7.123724857764761e-05,0.9599419110560395,C
22825,57,448.99,7.111845119152844e-05,0.9600130295072311,C
85032B,491,448.62,7.105984448104298e-05,0.9600840893517122,C
85049F,355,448.59,7.105509258559821e-05,0.9601551444442978,C
22308,144,448.33,7.101390949174357e-05,0.9602261583537895,C
22717,1034,447.61,7.089986400106916e-05,0.9602970582177907,C
75131,427,447.46999999999997,7.087768848899358e-05,0.9603679359062797,C
35965,324,447.01,7.080482609217383e-05,0.9604387407323718,C
21426,182,446.58000000000004,7.073671559079885e-05,0.9605094774479626,C
23402,117,446.17,7.067177301972037e-05,0.9605801492209822,C
21287,1056,443.04,7.017599192831635e-05,0.9606503252129105,C
23392,223,442.15000000000003,7.003501903012161e-05,0.9607203602319406,C
85093,652,442.06,7.00207633437873e-05,0.9607903809952845,C
22359,137,441.19000000000005,6.988295837588907e-05,0.9608602639536603,C
20956,321,441.18,6.988137441074082e-05,0.9609301453280711,C
22313,143,438.55000000000007,6.94647915767496e-05,0.9609996101196479,C
20998,163,438.09000000000003,6.939192917992983e-05,0.9610690020488278,C
22217,285,437.57,6.930956299222053e-05,0.9611383116118201,C
23406,65,437.3,6.926679593321763e-05,0.9612075784077533,C
85231G,523,436.75,6.917967785006358e-05,0.9612767580856033,C
21251,147,436.49000000000007,6.913849475620894e-05,0.9613458965803595,C
90209C,242,436.38,6.912107113957812e-05,0.9614150176514991,C
85032D,591,435.97,6.905612856849965e-05,0.9614840737800675,C
35004C,87,435.75000000000006,6.902128133523803e-05,0.9615530950614027,C
22269,526,434.21,6.877735070240665e-05,0.9616218724121052,C
84817,437,433.86,6.87219119222177e-05,0.9616905943240274,C
85032C,428,432.35,6.848273318483111e-05,0.9617590770572122,C
37475,47,431.46,6.834176028663636e-05,0.9618274188174988,C
23547,1025,430.5,6.818969963240383e-05,0.9618956085171312,C
84313B,119,430.37,6.81691080854765e-05,0.9619637776252167,C
22069,136,430.25,6.815010050369744e-05,0.9620319277257203,C
79066K,486,429.63,6.805189466450558e-05,0.9620999796203848,C
85035C,166,427.94,6.778420455445039e-05,0.9621677638249393,C
20716,371,427.08,6.764798355170041e-05,0.962235411808491,C
21277,19,426.78,6.760046459725274e-05,0.9623030122730883,C
21641,1138,426.68999999999994,6.758620891091843e-05,0.9623705984819992,C
21067,273,426.47,6.755136167765682e-05,0.9624381498436769,C
22232,445,425.98999999999995,6.747533135054054e-05,0.9625056251750275,C
23055,68,425.0,6.731851880086324e-05,0.9625729436938283,C
72803A,100,425.0,6.731851880086324e-05,0.9626402622126291,C
85169C,408,424.94,6.730901500997371e-05,0.9627075712276391,C
22152,932,424.11,6.71775459026685e-05,0.9627747487735417,C
22093,892,424.01000000000005,6.716170625118594e-05,0.962841910479793,C
22272,150,423.3,6.70492447256598e-05,0.9629089597245186,C
22310,217,421.91999999999996,6.68306575352005e-05,0.9629757903820538,C
21054,47,420.65,6.662949396137205e-05,0.9630424198760152,C
21581,192,420.04,6.653287208732846e-05,0.9631089527481026,C
20748,31,419.67,6.6474265376843e-05,0.9631754270134795,C
22116,396,419.13,6.63887312588372e-05,0.9632418157447383,C
85194S,827,418.87,6.634754816498256e-05,0.9633081632929034,C
21318,694,418.36,6.626676594242153e-05,0.9633744300588458,C
23380,1142,417.78,6.617489596382269e-05,0.9634406049548097,C
85130C,456,417.54,6.613688080026456e-05,0.9635067418356099,C
23338,202,417.32000000000005,6.610203356700295e-05,0.963572843869177,C
22162,133,417.22,6.608619391552039e-05,0.9636389300630925,C
21059,484,417.15999999999997,6.607669012463085e-05,0.9637050067532171,C
22591,122,416.78,6.601649944899713e-05,0.9637710232526662,C
20803,832,416.56,6.598165221573551e-05,0.9638370049048819,C
85071A,682,415.72,6.584859914328205e-05,0.9639028535040252,C
84581,110,415.32,6.578524053735182e-05,0.9639686387445625,C
84754,324,415.2,6.576623295557275e-05,0.9640344049775181,C
22593,462,413.84999999999997,6.555239766055824e-05,0.9640999573751787,C
22023,929,411.97,6.52546122126862e-05,0.9641652119873915,C
22448,119,411.77000000000004,6.522293290972108e-05,0.9642304349203011,C
85035A,93,411.40999999999997,6.516591016438387e-05,0.9642956008304655,C
23216,365,411.37,6.515957430379085e-05,0.9643607604047693,C
23504,329,411.25,6.514056672201178e-05,0.9644259009714913,C
84951A,348,411.15,6.512472707052923e-05,0.9644910256985618,C
20707,426,410.96999999999997,6.509621569786063e-05,0.9645561219142597,C
21656,205,410.90999999999997,6.508671190697108e-05,0.9646212086261666,C
77101A,374,410.69,6.505186467370948e-05,0.9646862604908404,C
20735,432,410.04999999999995,6.49504909042211e-05,0.9647512109817447,C
21810,615,408.5,6.47049763062415e-05,0.9648159159580509,C
85104,158,408.5,6.47049763062415e-05,0.9648806209343572,C
22067,239,408.46999999999997,6.470022441079672e-05,0.9649453211587681,C
20966,321,408.12,6.464478563060778e-05,0.9650099659443987,C
22586,464,407.65999999999997,6.457192323378802e-05,0.9650745378676325,C
23335,204,406.34000000000003,6.436283983421829e-05,0.9651389007074668,C
21194,332,406.15000000000003,6.433274449640142e-05,0.9652032334519631,C
23419,190,405.88,6.428997743739852e-05,0.9652675234294005,C
22753,467,405.71,6.426305002987818e-05,0.9653317864794304,C
20832,782,405.03999999999996,6.415692436494505e-05,0.9653959434037953,C
22266,890,404.76,6.41125733407939e-05,0.9654600559771361,C
85177,545,404.63,6.409198179386658e-05,0.96552414795893,C
22299,294,403.85,6.396843251230263e-05,0.9655881163914424,C
90154,55,403.85,6.396843251230263e-05,0.9656520848239547,C
21088,1591,403.43,6.39019059760759e-05,0.9657159867299308,C
21261,124,402.20000000000005,6.370707826284047e-05,0.9657796938081936,C
22127,331,402.15999999999997,6.370074240224743e-05,0.9658433945505959,C
22277,185,400.47,6.343305229219225e-05,0.965906827602888,C
85034B,146,399.46,6.327307181221842e-05,0.9659701006747002,C
23046,59,398.99,6.319862545025042e-05,0.9660332993001505,C
21253,84,398.8,6.316853011243355e-05,0.9660964678302629,C
85161,27,397.92,6.302914117938706e-05,0.9661594969714423,C
17012B,340,397.41999999999996,6.294994292197428e-05,0.9662224469143643,C
85163A,52,397.38,6.294360706138126e-05,0.9662853905214257,C
23423,102,397.34000000000003,6.293727120078824e-05,0.9663483277926265,C
21417,160,396.90000000000003,6.286757673426499e-05,0.9664111953693607,C
21317,64,396.86,6.286124087367197e-05,0.9664740566102343,C
21187,231,396.15,6.274877934814582e-05,0.9665368053895825,C
21618,174,396.13,6.27456114178493e-05,0.9665995510010004,C
84687,60,395.48,6.26426536832127e-05,0.9666621936546835,C
22735,239,395.06,6.257612714698597e-05,0.9667247697818305,C
85019B,287,394.68,6.251593647135225e-05,0.9667872857183019,C
84951B,304,394.59999999999997,6.25032647501662e-05,0.9668497889830521,C
22280,394,394.47999999999996,6.248425716838712e-05,0.9669122732402204,C
84849B,220,392.74,6.220864723259065e-05,0.966974481887453,C
22229,470,392.53999999999996,6.217696792962554e-05,0.9670366588553827,C
90062,31,392.28000000000003,6.21357848357709e-05,0.9670987946402185,C
22575,200,392.18,6.211994518428835e-05,0.9671609145854028,C
23136,105,391.97,6.208668191617498e-05,0.967223001267319,C
21615,200,391.90999999999997,6.207717812528543e-05,0.9672850784454442,C
22579,803,391.36999999999995,6.199164400727963e-05,0.9673470700894515,C
22756,300,391.15,6.195679677401801e-05,0.9674090268862255,C
20903,76,391.05,6.194095712253546e-05,0.9674709678433481,C
20831,150,390.81,6.190294195897732e-05,0.967532870785307,C
85199S,805,390.55,6.186175886512269e-05,0.9675947325441722,C
23559,197,390.12,6.17936483637477e-05,0.967656526192536,C
22187,161,390.09,6.178889646830292e-05,0.9677183150890043,C
35637A,153,389.89,6.175721716533781e-05,0.9677800723061697,C
22953,311,389.61,6.171286614118665e-05,0.9678417851723109,C
21802,915,388.34,6.151170256735819e-05,0.9679032968748783,C
21576,176,386.84,6.127410779511985e-05,0.9679645709826734,C
22256,286,385.38,6.104284888347453e-05,0.9680256138315568,C
21128,47,385.03000000000003,6.098741010328559e-05,0.9680866012416601,C
22393,177,384.21,6.085752496112862e-05,0.9681474587666212,C
22820,646,383.6,6.076090308708504e-05,0.9682082196697083,C
84976,445,383.15000000000003,6.068962465541354e-05,0.9682689092943637,C
23027,183,382.69,6.061676225859377e-05,0.9683295260566223,C
17084R,1872,382.32,6.0558155548108314e-05,0.9683900842121703,C
17021,1423,382.26,6.054865175721878e-05,0.9684506328639275,C
84919,58,381.78000000000003,6.047262143010252e-05,0.9685111054853576,C
22587,426,381.71999999999997,6.0463117639212974e-05,0.9685715686029968,C
84086C,138,381.57000000000005,6.043935816198916e-05,0.9686320079611588,C
23069,60,381.21,6.0382335416651944e-05,0.9686923902965754,C
22707,907,380.94,6.0339568357649043e-05,0.968752729864933,C
23376,1035,380.89,6.0331648531907765e-05,0.9688130615134649,C
18007,5809,380.61,6.028729750775661e-05,0.9688733488109726,C
22543,1000,380.34999999999997,6.0246114413901956e-05,0.9689335949253866,C
22057,261,380.25,6.0230274762419405e-05,0.968993825200149,C
85019A,282,380.13,6.021126718064034e-05,0.9690540364673296,C
23040,66,379.5,6.0111477376300234e-05,0.9691141479447059,C
23042,56,379.04,6.0038614979480484e-05,0.9691741865596853,C
84625A,360,376.4,5.962044818034099e-05,0.9692338070078657,C
84520B,409,375.4,5.9462051665515434e-05,0.9692932690595312,C
84598,1424,374.49,5.931791083702418e-05,0.9693525869703682,C
85125,81,374.37,5.929890325524511e-05,0.9694118858736235,C
21743,118,374.34000000000003,5.929415135980035e-05,0.9694711800249832,C
22597,546,374.34,5.929415135980034e-05,0.969530474176343,C
22050,925,372.5,5.9002701772521315e-05,0.9695894768781155,C
20668,2832,372.13,5.8944095062035856e-05,0.9696484209731775,C
20770,154,371.51,5.884588922284401e-05,0.9697072668624004,C
46776B,87,370.87,5.874451545335565e-05,0.9697660113778538,C
22517,176,370.75000000000006,5.872550787157659e-05,0.9698247368857253,C
21820,71,370.29,5.865264547475683e-05,0.9698833895312001,C
21650,1603,369.6,5.854335187952719e-05,0.9699419328830796,C
22451,116,369.40000000000003,5.851167257656208e-05,0.9700004445556561,C
22856,237,369.29,5.849424895993126e-05,0.9700589388046161,C
85034C,137,369.29,5.849424895993126e-05,0.9701174330535761,C
22106,66,369.12,5.846732155241092e-05,0.9701759003751286,C
20838,304,368.2,5.83215967587714e-05,0.9702342219718874,C
85208,200,366.5,5.805232268356795e-05,0.9702922742945709,C
21675,419,365.65,5.791768564596622e-05,0.9703501919802169,C
22420,797,364.42,5.7722857932730786e-05,0.9704079148381496,C
71279,121,364.39000000000004,5.771810603728602e-05,0.9704656329441869,C
21320,197,364.22,5.7691178629765677e-05,0.9705233241228166,C
84707A,42,363.82,5.7627820023835445e-05,0.9705809519428404,C
21159,634,363.73999999999995,5.761514830264939e-05,0.970638567091143,C
20830,118,363.59000000000003,5.759138882542557e-05,0.9706961584799685,C
22450,109,362.75,5.7458335752972094e-05,0.9707536168157215,C
21972,248,362.53999999999996,5.7425072484858725e-05,0.9708110418882063,C
85131B,433,362.46999999999997,5.741398472882093e-05,0.9708684558729351,C
21061,383,362.45,5.741081679852443e-05,0.9709258666897337,C
35653,135,362.3,5.73870573213006e-05,0.970983253747055,C
22516,170,362.21000000000004,5.73728016349663e-05,0.97104062654869,C
82613D,457,361.05,5.7189061677768643e-05,0.9710978156103677,C
22255,350,360.71,5.713520686272795e-05,0.9711549508172304,C
82613B,375,360.34,5.707660015224249e-05,0.9712120274173826,C
84632,6,359.70000000000005,5.6975226382754145e-05,0.9712690026437653,C
22818,849,359.64,5.69657225918646e-05,0.9713259683663571,C
21635,266,356.21000000000004,5.642242254601294e-05,0.9713823907889031,C
82095,68,356.11,5.6406582894530374e-05,0.9714387973717976,C
22154,786,355.17,5.625769017059435e-05,0.9714950550619682,C
84917,124,353.0,5.591396973342288e-05,0.9715509690317016,C
22216,338,352.86,5.58917942213473e-05,0.971606860825923,C
22096,847,351.51,5.567795892633279e-05,0.9716625387848493,C
21063,405,351.41999999999996,5.5663703239998487e-05,0.9717182024880893,C
21710,78,351.38,5.5657367379405474e-05,0.9717738598554687,C
22566,391,351.07,5.560826445980955e-05,0.9718294681199285,C
21219,300,350.99,5.559559273862351e-05,0.9718850637126671,C
85203,772,349.47,5.5354830036088655e-05,0.9719404185427032,C
48189,21,349.22999999999996,5.531681487253051e-05,0.9719957353575758,C
22097,699,349.21000000000004,5.5313646942234014e-05,0.972051049004518,C
84352,21,347.95,5.51140673335538e-05,0.9721061630718516,C
84563B,96,347.94,5.511248336840555e-05,0.97216127555522,C
47310M,254,347.18,5.499210201713812e-05,0.9722162676572371,C
20733,425,346.13,5.482578567657128e-05,0.9722710934429137,C
46776A,82,346.12,5.4824201711423025e-05,0.9723259176446252,C
23060,161,345.13,5.466738916174572e-05,0.9723805850337869,C
85035B,122,345.03999999999996,5.4653133475411415e-05,0.9724352381672623,C
22495,112,344.6,5.458343900888818e-05,0.9724898216062712,C
85199L,490,344.42,5.4554927636219575e-05,0.9725443765339074,C
21003,58,344.21999999999997,5.452324833325445e-05,0.9725988997822406,C
21374,231,343.59,5.442345852891435e-05,0.9726533232407695,C
22618,36,343.18,5.435851595783588e-05,0.9727076817567273,C
22396,590,342.89,5.431258096853646e-05,0.9727619943376958,C
23381,955,342.65,5.4274565804978325e-05,0.9728162689035008,C
85231B,409,341.44,5.40829060220394e-05,0.9728703518095229,C
84920,92,340.95,5.4005291729774874e-05,0.9729243571012526,C
22153,792,340.43,5.3922925542065585e-05,0.9729782800267947,C
21365,272,340.2,5.3886494343655704e-05,0.9730321665211383,C
84563A,90,339.36,5.3753441271202235e-05,0.9730859199624096,C
21062,399,339.22999999999996,5.3732849724274904e-05,0.9731396528121339,C
22600,375,337.62,5.347783133540576e-05,0.9731931306434692,C
21202,268,337.56,5.3468327544516226e-05,0.9732465989710137,C
84625C,351,336.39,5.328300362217032e-05,0.9732998819746359,C
23435,361,335.53000000000003,5.314678261942034e-05,0.9733530287572554,C
90149,52,335.28000000000003,5.3107183490713954e-05,0.9734061359407461,C
84923,81,335.17,5.3089759874083137e-05,0.9734592257006202,C
85232A,68,334.83000000000004,5.303590505904245e-05,0.9735122616056792,C
21070,259,334.32,5.295512283648141e-05,0.9735652167285156,C
20764,85,333.59000000000003,5.283949338065876e-05,0.9736180562218962,C
37476,33,333.03,5.2750791332356435e-05,0.9736708070132286,C
21580,140,332.84999999999997,5.272227995968783e-05,0.9737235292931883,C
85036B,124,332.57,5.267792893553668e-05,0.9737762072221238,C
20619,193,332.37,5.264624963257157e-05,0.9738288534717563,C
21867,248,330.9,5.2413406755777987e-05,0.9738812668785121,C
85213,839,330.71,5.238331141796113e-05,0.9739336501899301,C
22603,397,330.55,5.235796797558905e-05,0.9739860081579056,C
20681,95,329.03,5.211720527305419e-05,0.9740381253631787,C
72817,277,328.61,5.205067873682746e-05,0.9740901760419155,C
22647,476,328.59999999999997,5.2049094771679195e-05,0.9741422251366871,C
82613C,387,328.36,5.2011079608121074e-05,0.9741942362162953,C
84974,33,328.34999999999997,5.200949564297281e-05,0.9742462457119383,C
90209B,171,328.21000000000004,5.1987320130897244e-05,0.9742982330320692,C
90200D,78,327.44,5.186535481448155e-05,0.9743500983868837,C
23413,61,327.39000000000004,5.185743498874028e-05,0.9744019558218724,C
22447,106,326.8,5.176398104499319e-05,0.9744537198029174,C
22265,482,326.56,5.172596588143506e-05,0.9745054457687988,C
22703,162,326.45,5.170854226480425e-05,0.9745571543110636,C
84663A,237,325.99,5.163567986798449e-05,0.9746087899909316,C
20704,84,325.64,5.1580241087795544e-05,0.9746603702320193,C
23023,207,325.62999999999994,5.157865712264728e-05,0.974711948889142,C
23548,775,325.5,5.155806557571997e-05,0.9747635069547178,C
20766,85,324.66,5.14250125032665e-05,0.974814931967221,C
16219,2256,324.41999999999996,5.138699733970836e-05,0.9748663189645608,C
21356,273,323.15999999999997,5.118741773102815e-05,0.9749175063822918,C
16259,3336,323.04,5.116841014924909e-05,0.9749686747924411,C
47563A,178,323.04,5.116841014924909e-05,0.9750198432025904,C
85071C,495,322.99,5.116049032350781e-05,0.9750710036929139,C
47367B,97,322.75,5.112247515994967e-05,0.9751221261680738,C
23016,41,322.65999999999997,5.110821947361537e-05,0.9751732343875474,C
21472,84,322.42,5.107020431005724e-05,0.9752243045918575,C
20761,80,322.26,5.104486086768515e-05,0.9752753494527252,C
20700,70,321.08,5.085795298019099e-05,0.9753262074057054,C
20934,51,320.67,5.079301040911251e-05,0.9753770004161145,C
35971,256,320.24,5.072489990773752e-05,0.9754277253160223,C
22306,273,319.65000000000003,5.0631445963990444e-05,0.9754783567619862,C
84806B,227,319.54999999999995,5.061560631250787e-05,0.9755289723682987,C
84674,133,319.27000000000004,5.057125528835673e-05,0.9755795436235871,C
85180B,135,319.27,5.057125528835672e-05,0.9756301148788755,C
21640,299,318.91999999999996,5.051581650816777e-05,0.9756806306953837,C
22695,209,318.78999999999996,5.049522496124045e-05,0.9757311259203449,C
23409,84,318.71,5.0482553240054404e-05,0.975781608473585,C
35598D,465,318.54,5.045562583253407e-05,0.9758320640994175,C
84638,48,317.6,5.030673310859804e-05,0.975882370832526,C
21638,146,316.75,5.017209607099631e-05,0.975932542928597,C
35915C,315,316.46,5.012616108169689e-05,0.9759826690896787,C
21630,27,316.37,5.01119053953626e-05,0.9760327809950741,C
21562,272,315.36,4.995192491538878e-05,0.9760827329199895,C
21591,252,315.0,4.989490217005158e-05,0.9761326278221595,C
21421,272,314.68000000000006,4.984421528530741e-05,0.9761824720374448,C
21632,50,313.58000000000004,4.966997911899929e-05,0.9762321420165638,C
21002,91,312.64,4.952108639506325e-05,0.9762816631029589,C
21818,489,312.39,4.9481487266356864e-05,0.9763311445902253,C
21415,137,312.06,4.942921641646443e-05,0.9763805738066418,C
84006,332,311.9,4.940387297409234e-05,0.9764299776796159,C
72816,260,311.59999999999997,4.935635401964467e-05,0.9764793340336355,C
23021,72,311.22,4.929616334401096e-05,0.9765286301969796,C
85135C,39,310.73,4.921854905174644e-05,0.9765778487460313,C
22048,775,309.5,4.9023721338511e-05,0.9766268724673698,C
21629,31,309.17,4.8971450488618566e-05,0.9766758439178584,C
22230,585,309.09,4.8958778767432514e-05,0.9767248026966259,C
23551,774,308.02,4.878929449656916e-05,0.9767735919911225,C
20856,186,307.74,4.874494347241801e-05,0.9768223369345949,C
23549,730,306.6,4.856437144551687e-05,0.9768709013060404,C
21366,66,306.34,4.852318835166222e-05,0.9769194244943921,C
72799E,101,304.89000000000004,4.829351340516517e-05,0.9769677180077972,C
84820,135,304.05,4.8160460332711694e-05,0.97701587846813,C
79030D,550,303.13,4.801473553907217e-05,0.977063893203669,C
35598B,363,301.73,4.7792980418316396e-05,0.9771116861840874,C
21884,835,300.72,4.763299993834258e-05,0.9771593191840258,C
37482P,502,300.53999999999996,4.760448856567397e-05,0.9772069236725914,C
84631,37,300.37,4.757756115815363e-05,0.9772545012337496,C
22344,587,299.95,4.7511034621926894e-05,0.9773020122683715,C
21220,257,299.73,4.747618738866527e-05,0.9773494884557602,C
21358,238,299.72,4.747460342351702e-05,0.9773969630591837,C
21619,124,299.51,4.744134015540364e-05,0.9774444043993391,C
21850,95,299.03000000000003,4.736530982828738e-05,0.9774917697091674,C
21106,93,298.83000000000004,4.733363052532227e-05,0.9775391033396927,C
21648,228,298.59000000000003,4.7295615361764136e-05,0.9775863989550545,C
22816,701,297.96999999999997,4.7197409522572275e-05,0.977633596364577,C
22319,457,297.05,4.705168472893277e-05,0.977680648049306,C
84596E,461,296.22,4.692021562162756e-05,0.9777275682649276,C
21801,701,295.64,4.6828345643028724e-05,0.9777743966105706,C
22181,354,294.65999999999997,4.667311705849967e-05,0.9778210697276292,C
84584,137,294.15,4.6592334835938636e-05,0.9778676620624651,C
22051,700,294.0,4.6568575358714806e-05,0.9779142306378238,C
85205B,110,292.54999999999995,4.6338900412217736e-05,0.977960569538236,C
22405,215,291.79,4.621851906095032e-05,0.9780067880572969,C
21348,114,291.49999999999994,4.61725840716509e-05,0.9780529606413686,C
84569A,247,291.32,4.61440726989823e-05,0.9780991047140676,C
85025B,181,291.17,4.612031322175847e-05,0.9781452250272893,C
85186A,611,290.4,4.599834790534279e-05,0.9781912233751946,C
84849A,151,290.39,4.599676394019453e-05,0.9782372201391348,C
22118,57,289.59000000000003,4.587004672833409e-05,0.9782830901858631,C
21579,127,288.53,4.570214642261899e-05,0.9783287923322858,C
22513,62,288.15,4.5641955746985276e-05,0.9783744342880327,C
84926E,853,287.94,4.560869247887191e-05,0.9784200429805116,C
23408,138,287.04,4.5466135615528906e-05,0.9784655091161271,C
22198,171,285.83,4.527447583258998e-05,0.9785107835919596,C
20932,82,285.25,4.518260585399115e-05,0.9785559661978136,C
20762,75,284.96,4.5136670864691737e-05,0.9786011028686783,C
84596J,560,284.27,4.50273772694621e-05,0.9786461302459477,C
20854,183,283.93,4.497352245442141e-05,0.9786911037684022,C
85034A,62,283.7,4.493709125601153e-05,0.9787360408596582,C
20669,210,283.21,4.485947696374701e-05,0.9787809003366219,C
84358,30,282.85,4.480245421840981e-05,0.9788257027908404,C
23045,68,282.20000000000005,4.46994964837732e-05,0.9788704022873241,C
21129,35,281.82,4.4639305808139476e-05,0.9789150415931323,C
20615,185,280.71,4.4463485676683106e-05,0.9789595050788089,C
21849,116,280.56,4.4439726199459276e-05,0.9790039448050084,C
22422,333,280.2,4.438270345412207e-05,0.9790483275084625,C
35911A,306,279.81,4.4320928813340105e-05,0.9790926484372758,C
23225,332,279.64,4.4294001405819756e-05,0.9791369424386817,C
22105,67,279.43,4.4260738137706393e-05,0.9791812031768193,C
21723,322,279.22,4.4227474869593025e-05,0.9792254306516889,C
20768,110,279.03999999999996,4.4198963496924415e-05,0.9792696296151858,C
85188A,319,278.16999999999996,4.406115852902618e-05,0.9793136907737149,C
23405,55,278.09000000000003,4.404848680784014e-05,0.9793577392605227,C
85202,601,277.46999999999997,4.395028096864829e-05,0.9794016895414913,C
84821,525,277.28999999999996,4.3921769595979685e-05,0.9794456113110873,C
72819,109,276.78999999999996,4.38425713385669e-05,0.9794894538824259,C
21371,235,276.5,4.3796636349267495e-05,0.9795332505187752,C
21824,452,274.10999999999996,4.34180686788344e-05,0.979576668587454,C
21189,131,273.96999999999997,4.339589316675882e-05,0.9796200644806207,C
23044,66,273.90000000000003,4.3384805410721044e-05,0.9796634492860314,C
21616,138,273.32,4.3292935432122216e-05,0.9797067422214636,C
21803,637,272.69,4.319314562778211e-05,0.9797499353670913,C
85169D,254,272.58,4.31757220111513e-05,0.9797931110891025,C
72799F,94,271.99,4.3082268067404224e-05,0.9798361933571699,C
35004G,76,271.4,4.2988814123657136e-05,0.9798791821712936,C
21060,307,271.31,4.297455843732284e-05,0.9799221567297308,C
22214,122,271.06,4.293495930861645e-05,0.9799650916890394,C
20772,106,270.72999999999996,4.2882688458724004e-05,0.9800079743774982,C
47594B,146,270.35999999999996,4.282408174823855e-05,0.9800507984592465,C
21851,105,270.07,4.2778146758939144e-05,0.9800935766060054,C
22511,152,270.0,4.276705900290135e-05,0.9801363436650082,C
85088,130,269.49,4.2686276780340317e-05,0.9801790299417886,C
85024B,180,268.2,4.2481945276215344e-05,0.9802215118870649,C
21332,19,268.1,4.246610562473279e-05,0.9802639779926896,C
22095,443,266.03000000000003,4.213822483904388e-05,0.9803061162175286,C
21785,408,265.40000000000003,4.203843503470378e-05,0.9803481546525633,C
21739,92,264.83000000000004,4.1948149021253215e-05,0.9803901028015846,C
21881,791,264.42,4.188320645017473e-05,0.9804319860080347,C
23015,31,264.13,4.183727146087531e-05,0.9804738232794956,C
35095B,697,263.98,4.181351198365148e-05,0.9805156367914792,C
23336,119,263.92,4.180400819276195e-05,0.980557440799672,C
20765,67,262.38,4.156007755993058e-05,0.980599000877232,C
22390,139,262.09,4.1514142570631166e-05,0.9806405150198025,C
84858C,186,261.68,4.144919999955269e-05,0.9806819642198021,C
90057,168,261.36,4.1398513114808515e-05,0.9807233627329169,C
22545,625,261.24,4.1379505533029444e-05,0.98076474223845,C
22184,31,260.05,4.119101368038703e-05,0.9808059332521304,C
85186C,504,259.09,4.103895302615448e-05,0.9808469722051566,C
22574,277,257.38,4.076809498580278e-05,0.9808877403001424,C
20897,97,256.93,4.0696816554131275e-05,0.9809284371166965,C
21051,137,256.77,4.0671473111759185e-05,0.9809691085898082,C
18094C,173,256.4,4.0612866401273726e-05,0.9810097214562095,C
22307,212,256.28000000000003,4.059385881949467e-05,0.981050315315029,C
22496,82,256.1,4.0565347446826066e-05,0.9810908806624757,C
22640,115,256.08,4.0562179516529546e-05,0.9811314428419923,C
21264,129,255.51,4.047189350307898e-05,0.9811719147354954,C
23375,306,254.96999999999997,4.0386359385073177e-05,0.9812123010948804,C
16015,591,254.48,4.0308745092808654e-05,0.9812526098399732,C
35915B,218,253.92,4.022004304450634e-05,0.9812928298830177,C
23371,195,253.43,4.0142428752241816e-05,0.98133297231177,C
21000,66,252.94,4.006481445997729e-05,0.9813730371262299,C
16045,5900,252.0,3.9915921736041266e-05,0.9814129530479659,C
22040,600,252.0,3.9915921736041266e-05,0.981452868969702,C
71101E,314,251.3,3.9805044175663374e-05,0.9814926740138776,C
21403,1458,251.19,3.9787620559032556e-05,0.9815324616344366,C
22454,85,250.75000000000003,3.971792609250932e-05,0.9815721795605291,C
85230E,1029,250.40999999999997,3.966407127746862e-05,0.9816118436318065,C
79337,638,250.06,3.9608632497279674e-05,0.9816514522643038,C
85019C,178,249.5,3.9519930448977365e-05,0.9816909721947528,C
21375,30,248.94,3.943122840067505e-05,0.9817304034231534,C
22339,704,248.60000000000002,3.9377373585634364e-05,0.981769780796739,C
20986,208,247.63,3.9223728966253565e-05,0.9818090045257053,C
21445,198,247.5,3.920313741932624e-05,0.9818482076631246,C
21197,196,247.38,3.918412983754717e-05,0.9818873917929621,C
21758,29,247.15,3.9147698639137295e-05,0.9819265394916012,C
23222,313,247.14999999999998,3.914769863913729e-05,0.9819656871902404,C
72586,548,247.03,3.912869105735823e-05,0.9820048158812977,C
20684,76,247.0,3.912393916191346e-05,0.9820439398204597,C
16011,1176,246.96,3.911760330132044e-05,0.982083057423761,C
21503,626,246.92,3.911126744072741e-05,0.9821221686912017,C
17012A,180,246.14,3.8987718159163476e-05,0.9821611564093609,C
21711,52,245.98000000000002,3.896237471679139e-05,0.9822001187840776,C
85036C,81,245.86,3.894336713501232e-05,0.9822390621512127,C
21221,201,245.7,3.891802369264023e-05,0.9822779801749053,C
21222,205,244.84,3.878180268989025e-05,0.9823167619775952,C
20655,169,243.82,3.862023824476818e-05,0.98235538221584,C
18098C,83,243.01000000000002,3.8491937067759476e-05,0.9823938741529077,C
23224,309,242.79,3.845708983449785e-05,0.9824323312427422,C
20652,198,242.38,3.839214726341937e-05,0.9824707233900056,C
21879,720,242.19000000000003,3.836205192560252e-05,0.9825090854419313,C
23220,285,242.14999999999998,3.835571606500949e-05,0.9825474411579963,C
22532,779,242.01000000000002,3.833354055293392e-05,0.9825857746985492,C
23223,275,241.84999999999997,3.830819711056182e-05,0.9826240828956598,C
22155,552,241.72,3.82876055636345e-05,0.9826623705012235,C
21458,170,241.54,3.82590941909659e-05,0.9827006295954145,C
23150,92,241.43,3.824167057433509e-05,0.9827388712659888,C
85172,546,241.35999999999999,3.82305828182973e-05,0.9827771018488071,C
21555,94,239.92999999999998,3.800407580209675e-05,0.9828151059246092,C
23218,199,239.88,3.799615597635547e-05,0.9828531020805855,C
85214,145,239.68999999999997,3.7966060638538606e-05,0.9828910681412241,C
22643,111,239.67,3.79628927082421e-05,0.9829290310339323,C
84422,563,239.19,3.788686238112583e-05,0.9829669178963134,C
20618,127,238.95,3.7848847217567695e-05,0.983004766743531,C
35001G,58,238.76,3.781875187975084e-05,0.9830425854954108,C
21689,60,238.62,3.779657636767526e-05,0.9830803820717785,C
90114,96,238.07999999999998,3.771104224966946e-05,0.9831180931140282,C
23269,156,237.95999999999998,3.769203466789039e-05,0.9831557851486961,C
84609,27,237.63,3.7639763817997956e-05,0.983193424912514,C
23272,144,237.59999999999997,3.763501192255318e-05,0.9832310599244366,C
22389,124,237.01,3.754155797880611e-05,0.9832686014824155,C
85168B,28,236.7,3.749245505921018e-05,0.9833060939374747,C
84826,685,236.65,3.748453523346891e-05,0.9833435784727081,C
84616,6,236.38,3.744176817446601e-05,0.9833810202408826,C
90200B,56,236.29000000000002,3.742751248813171e-05,0.9834184477533707,C
22163,139,236.03,3.738632939427706e-05,0.983455834082765,C
84876B,169,235.77,3.7345146300422415e-05,0.9834931792290654,C
16169M,560,235.2,3.725486028697185e-05,0.9835304340893524,C
22137,81,235.03,3.7227932879451504e-05,0.9835676620222318,C
35095A,624,234.97,3.7218429088561965e-05,0.9836048804513203,C
47021G,543,233.88,3.704577688740211e-05,0.9836419262282078,C
22259,273,233.8,3.7033105166216064e-05,0.983678959333374,C
21442,240,233.64,3.700776172384397e-05,0.9837159670950979,C
90147,23,232.67,3.6854117104463174e-05,0.9837528212122023,C
17107D,91,232.04999999999998,3.675591126527133e-05,0.9837895771234676,C
22572,256,231.79,3.6714728171416686e-05,0.9838262918516391,C
85129D,152,231.44,3.665928939122774e-05,0.9838629511410303,C
84916,66,231.2,3.6621274227669605e-05,0.9838995724152579,C
22052,550,231.0,3.658959492470449e-05,0.9839361620101826,C
46776C,54,230.48,3.65072287369952e-05,0.9839726692389197,C
90160C,33,230.46,3.650406080669869e-05,0.9840091732997264,C
90160A,33,230.07,3.644228616591672e-05,0.9840456155858923,C
21719,264,229.95,3.642327858413765e-05,0.9840820388644764,C
23365,342,229.5,3.635200015246615e-05,0.9841183908646289,C
85200,183,228.75,3.6233202766346984e-05,0.9841546240673953,C
72801C,156,228.28,3.615875640437897e-05,0.9841907828237997,C
23141,54,228.08,3.612707710141386e-05,0.9842269099009011,C
22638,124,228.07,3.61254931362656e-05,0.9842630353940374,C
23377,566,227.78,3.6079558146966184e-05,0.9842991149521844,C
85204,1288,226.94,3.5946505074512715e-05,0.9843350614572589,C
84510C,133,226.9,3.5940169213919696e-05,0.9843710016264728,C
22104,213,226.29,3.58435473398761e-05,0.9844068451738127,C
23003,542,226.2,3.58292916535418e-05,0.9844426744654663,C
22345,468,225.91,3.578335666424239e-05,0.9844784578221305,C
20705,67,225.65,3.574217357038774e-05,0.9845141999957009,C
21821,59,224.96,3.563287997515811e-05,0.9845498328756761,C
23370,173,224.72,3.559486481159997e-05,0.9845854277404877,C
21248,138,224.29999999999998,3.552833827537323e-05,0.9846209560787631,C
21386,434,224.0,3.548081932092557e-05,0.984656436898084,C
23367,339,223.95000000000002,3.547289949518429e-05,0.9846919097975793,C
35912B,179,223.69,3.5431716401329644e-05,0.9847273415139806,C
84218,123,223.10999999999999,3.5339846422730816e-05,0.9847626813604032,C
47421,570,222.11999999999998,3.518303387305351e-05,0.9847978643942763,C
37413,543,222.09,3.517828197760875e-05,0.9848330426762539,C
20734,136,221.95,3.515610646553317e-05,0.9848681987827195,C
22346,405,221.32,3.505631666119307e-05,0.9849032550993807,C
20867,206,220.02,3.485040119191984e-05,0.9849381055005726,C
17013D,435,219.19,3.471893208461462e-05,0.9849728244326572,C
84559A,227,218.9,3.467299709531521e-05,0.9850074974297526,C
85170B,144,218.55,3.4617558315126266e-05,0.9850421149880677,C
21662,31,218.53,3.461439038482975e-05,0.9850767293784526,C
23047,38,218.5,3.4609638489384987e-05,0.9851113390169419,C
85169B,201,218.34,3.45842950470129e-05,0.9851459233119889,C
23398,251,218.26999999999998,3.4573207290975105e-05,0.9851804965192799,C
21744,71,217.38000000000002,3.4432234392780364e-05,0.9852149287536727,C
20794,79,217.23,3.440847491555652e-05,0.9852493372285882,C
71270,162,217.02,3.437521164744316e-05,0.9852837124402356,C
17084N,853,216.56,3.4302349250623394e-05,0.9853180147894862,C
23425,79,216.47000000000003,3.42880935642891e-05,0.9853523028830505,C
71403,55,216.33,3.426591805221352e-05,0.9853865688011028,C
21441,228,215.64,3.415662445698388e-05,0.9854207254255597,C
21001,45,215.37,3.411385739798098e-05,0.9854548392829576,C
84857C,97,215.35,3.4110689467684466e-05,0.9854889499724253,C
22547,477,215.12,3.407425826927459e-05,0.9855230242306946,C
22134,438,214.85999999999999,3.4033075175419943e-05,0.9855570573058701,C
72801D,105,214.84,3.402990724512343e-05,0.9855910872131152,C
47422,542,214.68,3.400456380275135e-05,0.9856250917769179,C
21724,249,214.29,3.3942789161969375e-05,0.98565903456608,C
16238,974,214.28,3.394120519682112e-05,0.9856929757712768,C
84931A,97,214.27999999999997,3.3941205196821116e-05,0.9857269169764736,C
22869,83,214.25,3.393645330137635e-05,0.985760853429775,C
84708B,39,213.09,3.37527133441787e-05,0.9857946061431192,C
23369,187,213.06,3.3747961448733935e-05,0.9858283541045679,C
22576,242,212.74999999999997,3.369885852913801e-05,0.985862052963097,C
21316,159,211.77,3.354362994460896e-05,0.9858955965930416,C
22257,222,211.59,3.351511857194036e-05,0.9859291117116136,C
21828,165,211.09,3.343592031452758e-05,0.9859625476319281,C
47351B,78,210.9,3.340582497671073e-05,0.9859959534569048,C
21973,145,210.25,3.330286724207411e-05,0.986029256324147,C
85230G,864,210.23999999999998,3.3301283276925854e-05,0.9860625576074239,C
21284,187,210.11,3.328069172999853e-05,0.9860958382991539,C
17012F,147,209.28,3.3149222622693315e-05,0.9861289875217766,C
22903,69,209.13000000000002,3.3125463145469484e-05,0.9861621129849221,C
22954,172,208.87,3.3084280051614837e-05,0.9861951972649737,C
22510,125,208.75,3.3065272469835766e-05,0.9862282625374436,C
22406,159,208.43,3.301458558509159e-05,0.9862612771230287,C
82616C,151,208.37,3.3005081794202054e-05,0.9862942822048228,C
22944,408,208.22,3.2981322316978224e-05,0.9863272635271398,C
21066,159,207.22,3.282292580215266e-05,0.986360086452942,C
21456,159,207.22,3.282292580215266e-05,0.9863929093787442,C
22409,158,207.18,3.281658994155964e-05,0.9864257259686858,C
79190B,538,207.04999999999998,3.2795998394632315e-05,0.9864585219670805,C
35953,349,206.81,3.275798323107418e-05,0.9864912799503116,C
16218,2777,206.76,3.27500634053329e-05,0.9865240300137169,C
82616B,150,206.17000000000002,3.265660946158583e-05,0.9865566866231785,C
84924A,48,206.13,3.26502736009928e-05,0.9865893368967795,C
22337,347,205.51000000000002,3.2552067761800954e-05,0.9866218889645413,C
72818,438,205.05,3.24792053649812e-05,0.9866543681699063,C
21373,266,204.54,3.2398423142420155e-05,0.9866867665930487,C
79051A,591,204.51,3.239367124697539e-05,0.9867191602642956,C
22581,236,204.29999999999998,3.236040797886202e-05,0.9867515206722745,C
84658,28,203.98,3.2309721094117847e-05,0.9867838303933686,C
21425,56,203.86,3.229071351233878e-05,0.9868161211068809,C
23219,160,203.47,3.222893887155681e-05,0.9868483500457524,C
85111,686,203.28,3.2198843533739955e-05,0.9868805488892862,C
72122,206,203.17,3.218141991710914e-05,0.9869127303092033,C
22202,39,202.38,3.205628667039695e-05,0.9869447865958737,C
35914,185,202.34,3.204995080980393e-05,0.9869768365466836,C
22599,224,202.2,3.2027775297728344e-05,0.9870088643219813,C
21275,10,202.18,3.202460736743184e-05,0.9870408889293487,C
16236,933,202.10999999999999,3.2013519611394046e-05,0.9870729024489601,C
85039C,266,201.73,3.1953328935760334e-05,0.9871048557778959,C
23149,80,201.67000000000002,3.19438251448708e-05,0.9871367996030407,C
22135,380,201.53,3.1921649632795225e-05,0.9871687212526735,C
17012D,148,201.45999999999998,3.1910561876757426e-05,0.9872006318145503,C
21324,66,200.62,3.1777508804303964e-05,0.9872324093233547,C
22833,3,199.9,3.166346331362956e-05,0.9872640727866683,C
35599D,61,199.83000000000004,3.1652375557591774e-05,0.9872957251622259,C
20997,45,199.79,3.164603969699875e-05,0.9873273712019228,C
90201D,68,199.57000000000002,3.1611192463737126e-05,0.9873589823943866,C
85135B,25,198.75,3.1481307321580164e-05,0.9873904637017081,C
46118,149,197.13,3.122470496756276e-05,0.9874216884066757,C
90143,26,196.6,3.114075481470521e-05,0.9874528291614904,C
22589,69,196.01999999999998,3.104888483610638e-05,0.9874838780463264,C
22870,78,195.7,3.09981979513622e-05,0.9875148762442778,C
16012,931,195.51,3.0968102613545345e-05,0.9875458443468913,C
21269,23,195.5,3.096651864839709e-05,0.9875768108655397,C
20699,78,195.19,3.0917415728801165e-05,0.9876077282812685,C
21250,70,194.94,3.087781660009478e-05,0.9876386060978686,C
22289,150,194.76,3.0849305227426174e-05,0.987669455403096,C
85040B,118,194.7,3.083980143653664e-05,0.9877002952045326,C
21547,62,194.50000000000003,3.080812213357153e-05,0.9877311033266661,C
90201B,66,194.06,3.073842766704828e-05,0.9877618417543332,C
22092,409,193.46,3.064338975815295e-05,0.9877924851440913,C
21279,67,192.64,3.0513504615995986e-05,0.9878229986487074,C
84931B,86,192.54999999999998,3.0499248929661684e-05,0.987853497897637,C
46776D,44,192.36,3.0469153591844832e-05,0.9878839670512288,C
20622,109,192.18,3.0440642219176232e-05,0.987914407693448,C
20936,63,191.53000000000003,3.033768448453962e-05,0.9879447453779325,C
21644,153,191.25,3.029333346038846e-05,0.9879750387113929,C
44235,517,191.22,3.0288581564943693e-05,0.9880053272929579,C
84876D,122,191.13,3.027432587860939e-05,0.9880356016188365,C
51008,55,189.75,3.0055738688150117e-05,0.9880656573575247,C
90161C,38,189.23000000000002,2.9973372500440828e-05,0.9880956307300252,C
90160B,27,188.88,2.991793372025188e-05,0.9881255486637454,C
23137,52,188.16000000000003,2.980388822957748e-05,0.988155352551975,C
16216,2614,187.78,2.9743697553943765e-05,0.9881850962495289,C
72598,150,187.61999999999998,2.9718354111571672e-05,0.9882148146036405,C
22486,22,187.56,2.970885032068214e-05,0.9882445234539612,C
85094,443,187.46,2.9693010669199585e-05,0.9882742164646304,C
84535A,399,186.56,2.955045380585658e-05,0.9883037669184362,C
21750,84,186.55,2.9548869840708325e-05,0.988333315788277,C
21725,201,184.95,2.9295435416987425e-05,0.988362611223694,C
21131,34,184.89999999999998,2.9287515591246146e-05,0.9883918987392852,C
23372,139,184.64,2.92463324973915e-05,0.9884211450717826,C
84341B,473,183.49,2.906417650534211e-05,0.988450209248288,C
84926D,489,183.33999999999997,2.9040417028118272e-05,0.9884792496653161,C
84600,21,182.63,2.8927955502592127e-05,0.9885081776208187,C
85095,123,182.12,2.884717328003109e-05,0.9885370247940987,C
21944,194,181.85999999999999,2.8805990186176443e-05,0.9885658307842848,C
22882,76,181.32,2.872045606817064e-05,0.988594551240353,C
23505,145,181.25,2.8709368312132853e-05,0.9886232606086651,C
23511,87,180.96,2.8663433322833443e-05,0.988651924041988,C
84907,29,180.93,2.8658681427388677e-05,0.9886805827234154,C
85107,79,180.81,2.8639673845609606e-05,0.988709222397261,C
20847,44,179.84,2.8486029226228813e-05,0.9887377084264872,C
21761,6,179.7,2.8463853714153232e-05,0.9887661722802014,C
22102,92,179.67999999999998,2.846068578385672e-05,0.9887946329659852,C
21666,258,179.46,2.84258385505951e-05,0.9888230588045358,C
85230A,744,179.27999999999997,2.8397327177926495e-05,0.9888514561317138,C
16156L,425,178.5,2.827377789636256e-05,0.9888797299096102,C
21161,114,178.32,2.8245266523693958e-05,0.9889079751761338,C
84559B,187,177.60999999999999,2.813280499816781e-05,0.988936107981132,C
17012C,104,177.34,2.8090037939164912e-05,0.9889641980190711,C
16225,210,176.68,2.7985496239380043e-05,0.9889921835153105,C
84592,56,176.56000000000003,2.796648865760098e-05,0.989020150003968,C
84766,70,176.5,2.795698486671144e-05,0.9890481069888347,C
90201A,60,176.25,2.7917385738005052e-05,0.9890760243745728,C
21351,28,176.2,2.790946591226377e-05,0.989103933840485,C
40003,152,175.48,2.7795420421589368e-05,0.9891317292609066,C
21360,34,175.14000000000001,2.7741565606548682e-05,0.9891594708265132,C
22764,5,174.76999999999998,2.7682958896063216e-05,0.9891871537854093,C
84691,242,174.5,2.764019183706032e-05,0.9892147939772464,C
90160D,25,174.35000000000002,2.761643235983649e-05,0.9892424104096063,C
90161B,35,174.12,2.7580001161426607e-05,0.9892699904107677,C
84905,35,173.48,2.7478627391938247e-05,0.9892974690381596,C
78033,36,173.4,2.7465955670752202e-05,0.9893249349938303,C
20771,67,173.06,2.7412100855711513e-05,0.989352347094686,C
84800M,126,172.62,2.7342406389188265e-05,0.9893796895010752,C
21167,719,172.0,2.724420054999642e-05,0.9894069337016252,C
62086A,88,171.6,2.7180841944066193e-05,0.9894341145435693,C
84360,26,171.52,2.7168170222880152e-05,0.9894612827137922,C
22881,73,171.19,2.7115899372987712e-05,0.9894883986131652,C
21028,151,171.14000000000001,2.710797954724644e-05,0.9895155065927124,C
21520,407,170.88,2.706679645339179e-05,0.9895425733891657,C
22878,62,170.8,2.7054124732205747e-05,0.989569627513898,C
47591B,104,170.67999999999998,2.7035117150426676e-05,0.9895966626310484,C
22031,391,170.62,2.7025613359537144e-05,0.9896236882444079,C
23339,79,170.47,2.700185388231331e-05,0.9896506900982902,C
21763,6,169.75,2.6887808391638906e-05,0.9896775779066819,C
78124,135,168.75,2.6729411876813347e-05,0.9897043073185586,C
85215,210,168.54000000000002,2.669614860869998e-05,0.9897310034671674,C
84910A,22,168.33999999999997,2.6664469305734862e-05,0.9897576679364731,C
85145,38,167.70000000000002,2.656309553624651e-05,0.9897842310320094,C
85230B,664,167.6,2.654725588476395e-05,0.9898107782878942,C
21676,184,167.01999999999998,2.6455385906165123e-05,0.9898372336738004,C
22889,67,166.78,2.6417370742606992e-05,0.989863651044543,C
84678,87,166.68,2.6401531091124437e-05,0.9898900525756341,C
21196,94,166.57999999999998,2.6385691439641876e-05,0.9899164382670738,C
85023B,78,166.5,2.6373019718455834e-05,0.9899428112867922,C
35954,616,166.32,2.634450834578723e-05,0.989969155795138,C
23422,76,166.28,2.6338172485194212e-05,0.9899954939676232,C
35810B,144,166.18,2.6322332833711658e-05,0.9900218163004569,C
22880,68,165.79999999999998,2.626214215807794e-05,0.990048078442615,C
21945,178,165.23999999999998,2.6173440109775624e-05,0.9900742518827248,C
84804A,56,165.20000000000002,2.616710424918261e-05,0.990100418986974,C
23520,44,165.0,2.6135424946217493e-05,0.9901265544119202,C
22100,355,164.63000000000002,2.607681823573204e-05,0.990152631230156,C
22338,485,163.79000000000002,2.594376516327857e-05,0.9901785749953192,C
22541,416,163.20999999999998,2.5851895184679737e-05,0.9902044268905039,C
16008,1259,162.93,2.5807544160528583e-05,0.9902302344346644,C
23366,246,162.9,2.5802792265083817e-05,0.9902560372269295,C
22642,59,162.5,2.5739433659153592e-05,0.9902817766605886,C
84711A,19,162.1,2.5676075053223367e-05,0.9903074527356418,C
90184B,18,162.1,2.5676075053223367e-05,0.990333128810695,C
84926A,471,162.04999999999998,2.566815522748209e-05,0.9903587969659225,C
17096,814,160.93,2.5490751130877462e-05,0.9903842877170534,C
23039,82,160.66,2.544798407187456e-05,0.9904097357011253,C
84859A,80,160.35999999999999,2.540046511742689e-05,0.9904351361662428,C
85211,140,160.32,2.5394129256833868e-05,0.9904605302954996,C
85071D,236,158.97,2.5180293961819363e-05,0.9904857105894614,C
22038,375,157.5,2.494745108502579e-05,0.9905106580405465,C
23368,234,157.5,2.494745108502579e-05,0.9905356054916316,C
47481,211,157.32999999999998,2.492052367750544e-05,0.9905605260153091,C
22353,61,155.54999999999998,2.4638577881115942e-05,0.9905851645931902,C
22410,118,154.81,2.452136446014503e-05,0.9906096859576504,C
22883,69,154.59,2.448651722688341e-05,0.9906341724748773,C
90175A,17,154.14,2.4415238795211905e-05,0.9906585877136725,C
21819,295,154.04,2.4399399143729348e-05,0.9906829871128163,C
23513,74,153.92000000000002,2.4380391561950287e-05,0.9907073675043783,C
71143,161,153.69,2.4343960363540405e-05,0.9907317114647418,C
22872,63,153.37,2.4293273478796225e-05,0.9907560047382206,C
21647,73,153.3,2.4282185722758437e-05,0.9907802869239434,C
21614,51,153.29000000000002,2.4280601757610183e-05,0.990804567525701,C
22263,252,153.12,2.4253674350089834e-05,0.9908288212000511,C
90201C,52,153.11,2.425209038494158e-05,0.990853073290436,C
90014A,15,152.84,2.420932332593868e-05,0.990877282613762,C
46776E,35,152.83,2.4207739360790423e-05,0.9909014903531227,C
72800D,58,152.72,2.419031574415961e-05,0.9909256806688669,C
84688,32,152.16,2.4101613695857297e-05,0.9909497822825627,C
90200E,36,151.79,2.404300698537184e-05,0.990973825289548,C
23337,71,151.78,2.4041423020223582e-05,0.9909978667125683,C
22884,65,151.15,2.3941633215883482e-05,0.9910218083457841,C
84595E,77,150.92999999999998,2.3906785982621853e-05,0.9910457151317668,C
21457,112,150.89,2.390045012202883e-05,0.9910696155818888,C
21285,66,150.78,2.3883026505398023e-05,0.9910934986083941,C
22641,60,150.6,2.385451513272942e-05,0.9911173531235269,C
21026,145,150.59,2.3852931167581167e-05,0.9911412060546945,C
47594A,85,150.47,2.38339235858021e-05,0.9911650399782803,C
84804B,51,150.45000000000002,2.383075565550559e-05,0.9911888707339358,C
21280,59,150.45,2.3830755655505587e-05,0.9912127014895913,C
21459,76,150.38,2.3819667899467798e-05,0.9912365211574907,C
21311,399,150.0,2.3759477223834086e-05,0.9912602806347146,C
84629,20,150.0,2.3759477223834086e-05,0.9912840401119385,C
85124C,55,149.89,2.3742053607203272e-05,0.9913077821655457,C
84963B,3,149.85000000000002,2.3735717746610256e-05,0.9913315178832923,C
21157,52,149.8,2.3727797920868974e-05,0.9913552456812131,C
23514,72,149.76,2.3721462060275948e-05,0.9913789671432734,C
84051,204,149.76,2.3721462060275948e-05,0.9914026886053338,C
21741,44,149.68,2.3708790339089906e-05,0.9914263973956728,C
21418,46,148.63,2.3542473998523065e-05,0.9914499398696713,C
84952B,68,148.51,2.3523466416743998e-05,0.9914734633360881,C
84576,66,148.32,2.349337107892714e-05,0.991496956707167,C
16048,1095,147.85,2.3418924716959128e-05,0.9915203756318839,C
84877B,93,146.81,2.3254192341540547e-05,0.9915436298242254,C
23410,18,146.70000000000002,2.323676872490974e-05,0.9915668665929503,C
85131C,160,146.22,2.3160738397793466e-05,0.9915900273313482,C
20769,52,146.16,2.3151234606903934e-05,0.9916131785659551,C
22529,339,145.27,2.3010261708709186e-05,0.9916361888276638,C
20659,108,145.16,2.2992838092078372e-05,0.9916591816657558,C
20616,107,144.92,2.2954822928520237e-05,0.9916821364886843,C
21847,68,144.75,2.2927895520999894e-05,0.9917050643842054,C
22391,83,144.51,2.2889880357441755e-05,0.9917279542645628,C
35599B,28,144.36,2.2866120880217925e-05,0.991750820385443,C
47469,324,144.35999999999999,2.2866120880217922e-05,0.9917736865063232,C
21379,92,144.14,2.28312736469563e-05,0.9917965177799702,C
21402,1080,143.81,2.2779002797063867e-05,0.9918192967827673,C
23043,23,143.75,2.276949900617433e-05,0.9918420662817734,C
23037,89,143.68999999999997,2.2759995215284793e-05,0.9918648262769887,C
22871,58,143.62,2.274890745924701e-05,0.9918875751844479,C
21082,88,143.44,2.2720396086578408e-05,0.9919102955805345,C
70007,119,143.43,2.2718812121430155e-05,0.9919330143926559,C
44234,650,142.84,2.262535817768307e-05,0.9919556397508336,C
21027,132,142.72,2.2606350595904003e-05,0.9919782461014295,C
23519,37,142.46,2.256516750204936e-05,0.9920008112689316,C
85124B,51,142.2,2.252398440819471e-05,0.9920233352533397,C
75178,303,142.13,2.2512896652156922e-05,0.9920458481499919,C
21364,21,141.75,2.245270597652321e-05,0.9920683008559684,C
21014,322,141.6,2.2428946499299377e-05,0.9920907298024677,C
47471,232,141.53,2.241785874326159e-05,0.992113147661211,C
21882,364,140.02,2.2178680005874994e-05,0.9921353263412168,C
22512,60,139.84,2.215016863320639e-05,0.99215747650985,C
90161D,28,139.52,2.209948174846221e-05,0.9921795759915985,C
21726,164,139.4,2.2080474166683143e-05,0.9922016564657651,C
35922,28,138.6,2.1953756954822694e-05,0.9922236102227199,C
21263,67,138.32999999999998,2.1910989895819793e-05,0.9922455212126157,C
22032,324,137.85,2.1834959568703523e-05,0.9922673561721844,C
84507C,53,137.56,2.1789024579404112e-05,0.9922891451967638,C
85045,31,136.65,2.164488375091285e-05,0.9923107900805147,C
85027L,67,136.64999999999998,2.1644883750912848e-05,0.9923324349642656,C
16207A,51,136.55,2.1629044099430297e-05,0.992354064008365,C
47343A,153,136.23,2.1578357214686114e-05,0.9923756423655797,C
20654,115,136.04,2.1548261876869258e-05,0.9923971906274566,C
21377,61,135.16,2.1408872943822766e-05,0.9924185995004003,C
21025,121,135.15,2.1407288978674513e-05,0.992440006789379,C
21637,108,135.0,2.1383529501450676e-05,0.9924613903188805,C
21132,26,134.74,2.1342346407596032e-05,0.9924827326652881,C
72800C,48,134.45,2.1296411418296618e-05,0.9925040290767064,C
90200A,32,134.39000000000001,2.1286907627407086e-05,0.9925253159843338,C
35921,68,133.23,2.1103167670209434e-05,0.992546419152004,C
84712B,17,133.19,2.109683180961641e-05,0.9925675159838137,C
22124,50,132.85,2.104297699457572e-05,0.9925885589608082,C
20823,168,132.72,2.1022385447648398e-05,0.9926095813462559,C
90014B,13,132.26999999999998,2.0951107015976894e-05,0.9926305324532718,C
21293,59,132.02,2.091150788727051e-05,0.9926514439611591,C
20755,155,131.75,2.0868740828267605e-05,0.9926723127019874,C
21369,84,131.37,2.0808550152633893e-05,0.99269312125214,C
23494,22,130.9,2.073410379066588e-05,0.9927138553559307,C
22874,57,130.77,2.071351224373856e-05,0.9927345688681745,C
22108,48,130.41,2.0656489498401353e-05,0.9927552253576729,C
22886,61,130.27,2.0634313986325776e-05,0.9927758596716593,C
23518,45,130.05,2.0599466753064154e-05,0.9927964591384123,C
22885,63,129.81,2.056145158950602e-05,0.9928170205900018,C
90206C,26,129.76000000000002,2.0553531763764744e-05,0.9928375741217655,C
84926F,311,129.38,2.0493341088131025e-05,0.9928580674628537,C
23421,61,128.93,2.0422062656459524e-05,0.9928784895255102,C
85136A,16,127.88,2.0255746315892687e-05,0.9928987452718261,C
84800S,113,127.57000000000001,2.0206643396296763e-05,0.9929189519152224,C
90013A,34,127.46,2.018921977966595e-05,0.992939141135002,C
22340,222,127.26999999999998,2.015912444184909e-05,0.9929593002594439,C
84711B,14,126.94,2.010685359195666e-05,0.9929794071130359,C
23515,61,126.88000000000001,2.0097349801067128e-05,0.9929995044628369,C
90184C,14,126.67999999999999,2.0065670498102012e-05,0.993019570133335,C
16168M,277,126.2,1.9989640170985745e-05,0.993039559773506,C
85129B,92,126.17,1.9984888275540976e-05,0.9930595446617816,C
90016B,15,126.06,1.9967464658910165e-05,0.9930795121264405,C
84927F,172,125.86,1.9935785355945053e-05,0.9930994479117965,C
21378,72,125.42999999999998,1.9867674854570058e-05,0.9931193155866511,C
21376,21,125.13,1.9820155900122395e-05,0.9931391357425512,C
23502,99,124.96000000000001,1.979322849260205e-05,0.9931589289710437,C
22875,54,124.92,1.9786892632009026e-05,0.9931787158636758,C
23143,10,124.78,1.976471711993345e-05,0.9931984805807957,C
20774,76,124.77999999999999,1.9764717119933445e-05,0.9932182452979157,C
35638B,55,124.42999999999999,1.97092783397445e-05,0.9932379545762554,C
22538,287,123.82,1.961265646570091e-05,0.9932575672327211,C
21427,41,123.48,1.955880165066022e-05,0.9932771260343717,C
84707B,14,123.02,1.948593925384046e-05,0.9932966119736255,C
90198A,29,122.29,1.9370309798017805e-05,0.9933159822834235,C
22877,56,122.28,1.9368725832869548e-05,0.9933353510092564,C
90120C,29,122.23,1.936080600712827e-05,0.9933547118152636,C
84952A,52,121.52,1.924834448160212e-05,0.9933739601597452,C
84247E,43,121.46000000000001,1.923884069071259e-05,0.9933931990004359,C
85086A,145,121.22999999999999,1.9202409492302707e-05,0.9934124014099281,C
22043,368,121.08,1.9178650015078874e-05,0.9934315800599433,C
20819,33,121.05,1.9173898119634107e-05,0.9934507539580629,C
22033,288,120.96000000000001,1.915964243329981e-05,0.9934699136004962,C
21306,300,120.72,1.912162726974167e-05,0.9934890352277659,C
20845,19,120.64999999999999,1.9110539513703883e-05,0.9935081457672796,C
23507,284,120.51,1.9088364001628306e-05,0.9935272341312813,C
21143,55,120.33,1.9059852628959703e-05,0.9935462939839103,C
23516,32,120.0,1.900758177906727e-05,0.9935653015656893,C
84247G,269,119.95,1.899966195332599e-05,0.9935843012276426,C
20694,28,119.84,1.898223833669518e-05,0.9936032834659794,C
21367,126,119.74,1.8966398685212622e-05,0.9936222498646646,C
22873,50,119.3,1.8896704218689374e-05,0.9936411465688834,C
90030B,75,119.15,1.8872944741465544e-05,0.9936600195136248,C
23517,41,118.49000000000001,1.8768403041680675e-05,0.9936787879166665,C
20617,63,118.37,1.8749395459901604e-05,0.9936975373121264,C
21100,46,118.06,1.870029254030568e-05,0.9937162376046667,C
21911,67,117.10999999999999,1.8549815851221397e-05,0.9937347874205179,C
21401,841,117.03999999999999,1.853872809518361e-05,0.9937533261486131,C
84741C,60,117.0,1.8532392234590586e-05,0.9937718585408477,C
22876,52,116.74,1.8491209140735942e-05,0.9937903497499885,C
21368,133,116.57,1.8464281733215595e-05,0.9938088140317217,C
21664,31,116.25,1.8413594848471415e-05,0.9938272276265702,C
20826,270,115.68,1.8323308835020848e-05,0.9938455509354052,C
85020,52,115.29,1.826153419423888e-05,0.9938638124695994,C
21265,57,114.99,1.821401523979121e-05,0.9938820264848393,C
20782,19,114.91,1.8201343518605164e-05,0.9939002278283579,C
90197B,23,114.78,1.8180751971677843e-05,0.9939184085803295,C
84429A,35,114.73000000000002,1.8172832145936568e-05,0.9939365814124754,C
23379,288,114.52,1.8139568877823195e-05,0.9939547209813533,C
90148,9,114.48,1.8133233017230176e-05,0.9939728542143705,C
16052,477,113.62,1.799701201448019e-05,0.993990851226385,C
21319,122,113.5,1.7978004432701124e-05,0.9940088292308177,C
21015,255,113.36999999999999,1.79574128857738e-05,0.9940267866437035,C
84993A,221,112.93,1.7887718419250556e-05,0.9940446743621227,C
84685,24,112.74,1.7857623081433696e-05,0.9940625319852042,C
84882,29,112.46000000000001,1.7813272057282542e-05,0.9940803452572615,C
84509E,47,112.31,1.778951258005871e-05,0.9940981347698415,C
21518,272,112.17999999999999,1.7768921033131385e-05,0.9941159036908747,C
21095,117,111.92999999999999,1.7729321904424993e-05,0.9941336330127791,C
85146,33,111.71000000000001,1.769447467116337e-05,0.9941513274874503,C
84859C,53,111.35,1.763745192582617e-05,0.9941689649393761,C
84823,14,111.3,1.762953210008489e-05,0.9941865944714762,C
37333,19,111.09,1.7596268831971524e-05,0.9942041907403082,C
84507B,36,111.08,1.7594684866823268e-05,0.994221785425175,C
21030,93,110.98,1.7578845215340713e-05,0.9942393642703904,C
90010A,12,110.5,1.7502814888224444e-05,0.9942568670852786,C
22868,51,110.35,1.7479055411000607e-05,0.9942743461406897,C
21145,88,110.0,1.7423616630811664e-05,0.9942917697573205,C
62096A,88,110.0,1.7423616630811664e-05,0.9943091933739513,C
84925F,79,109.92999999999999,1.7412528874773872e-05,0.9943266059028261,C
72225C,432,109.91999999999999,1.7410944909625616e-05,0.9943440168477357,C
90175D,12,109.79,1.7390353362698295e-05,0.9943614072010983,C
21278,43,109.64999999999999,1.7368177850622715e-05,0.9943787753789489,C
90158,22,109.44000000000001,1.733491458250935e-05,0.9943961102935315,C
20731,91,108.71,1.7219285126686688e-05,0.9944133295786581,C
47518F,716,108.34,1.7160678416201233e-05,0.9944304902570743,C
90145,18,107.94,1.7097319810271008e-05,0.9944475875768846,C
51020A,318,107.57999999999998,1.7040297064933805e-05,0.9944646278739495,C
84744,86,107.5,1.702762534374776e-05,0.9944816554992932,C
84228,259,107.28999999999999,1.699436207563439e-05,0.9944986498613688,C
21942,114,107.11999999999999,1.6967434668114048e-05,0.994515617296037,C
21721,124,106.99,1.6946843121186724e-05,0.9945325641391581,C
37467,117,106.25,1.682962970021581e-05,0.9945493937688583,C
90185D,25,106.15,1.6813790048733255e-05,0.994566207558907,C
35920,72,104.84,1.660629061431177e-05,0.9945828138495213,C
47578A,112,104.56,1.6561939590160612e-05,0.9945993757891115,C
84461,41,104.55,1.6560355625012356e-05,0.9946159361447365,C
35957,233,104.50999999999999,1.6554019764419333e-05,0.994632490164501,C
22887,50,104.46,1.6546099938678058e-05,0.9946490362644397,C
22394,63,104.27,1.65160046008612e-05,0.9946655522690405,C
85055,30,104.24000000000001,1.6511252705416436e-05,0.9946820635217459,C
90192,21,104.13000000000001,1.6493829088785625e-05,0.9946985573508347,C
23074,49,103.97,1.646848564641353e-05,0.9947150258364811,C
20696,25,103.42,1.6381367563259473e-05,0.9947314072040443,C
35916C,103,102.77,1.627840982862286e-05,0.994747685613873,C
20763,37,102.46000000000001,1.6229306909026937e-05,0.994763914920782,C
84875B,78,102.42,1.6222971048433914e-05,0.9947801378918304,C
84870B,32,102.33,1.6208715362099613e-05,0.9947963466071925,C
84709B,17,101.15,1.602180747460545e-05,0.9948123684146671,C
84865,24,101.13,1.601863954430894e-05,0.9948283870542114,C
35911B,119,100.76,1.5960032833823483e-05,0.9948443470870452,C
23416,61,100.64999999999998,1.5942609217192668e-05,0.9948602896962624,C
22888,48,100.56,1.592835353085837e-05,0.9948762180497932,C
90028,12,100.37,1.5898258193041514e-05,0.9948921163079862,C
17038,1011,100.13,1.586024302948338e-05,0.9949079765510157,C
84877D,67,100.07,1.5850739238593844e-05,0.9949238272902543,C
84799,80,100.0,1.583965148255606e-05,0.9949396669417369,C
23420,48,99.84,1.581430804018397e-05,0.9949554812497771,C
21826,78,98.71,1.5635319978431082e-05,0.9949711165697555,C
75011,123,98.61,1.5619480326948528e-05,0.9949867360500824,C
84870C,33,98.53999999999999,1.5608392570910736e-05,0.9950023444426532,C
84723,41,97.95,1.551493862716366e-05,0.9950178593812804,C
21657,13,97.83,1.549593104538459e-05,0.9950333553123258,C
90185A,23,97.35,1.541990071826832e-05,0.9950487752130441,C
20701,24,97.22,1.5399309171340997e-05,0.9950641745222155,C
90116,40,97.11,1.5381885554710186e-05,0.9950795564077702,C
79190A,212,96.83,1.533753453055903e-05,0.9950948939423008,C
21400,672,96.64999999999999,1.530902315789043e-05,0.9951102029654587,C
90018A,23,96.63000000000001,1.530585522759392e-05,0.9951255088206863,C
85118,75,96.27,1.5248832482256716e-05,0.9951407576531686,C
90125A,103,96.03999999999999,1.5212401283846836e-05,0.9951559700544524,C
84683,119,95.99000000000001,1.520448145810556e-05,0.9951711745359105,C
79190D,199,95.97999999999999,1.5202897492957302e-05,0.9951863774334034,C
84673B,134,95.88000000000001,1.5187057841474749e-05,0.9952015644912449,C
72128,120,95.22,1.5082516141689878e-05,0.9952166470073865,C
20837,84,95.16,1.5073012350800344e-05,0.9952317200197374,C
90036E,12,95.05000000000001,1.5055588734169535e-05,0.9952467756084715,C
35637C,27,95.00999999999999,1.5049252873576509e-05,0.9952618248613451,C
22039,225,94.5,1.4968470651015473e-05,0.995276793331996,C
20796,57,94.04999999999998,1.489719221934397e-05,0.9952916905242154,C
21943,86,93.83999999999999,1.4863928951230602e-05,0.9953065544531666,C
90019A,18,93.60000000000001,1.482591378767247e-05,0.9953213803669543,C
84989A,58,93.15,1.4754635356000968e-05,0.9953361350023103,C
84527,51,93.14999999999999,1.4754635356000967e-05,0.9953508896376664,C
84457,103,93.00999999999999,1.4732459843925388e-05,0.9953656220975103,C
72127,74,92.5,1.4651677621364352e-05,0.9953802737751317,C
90120B,22,92.48,1.4648509691067842e-05,0.9953949222848227,C
84906,31,92.45,1.4643757795623075e-05,0.9954095660426183,C
20777,55,92.02999999999999,1.4577231259396337e-05,0.9954241432738777,C
84915,57,91.73,1.4529712304948672e-05,0.9954386729861827,C
37479P,129,91.47,1.4488529211094025e-05,0.9954531615153938,C
21333,31,91.45,1.4485361280797514e-05,0.9954676468766746,C
84661A,33,91.03999999999999,1.4420418709719033e-05,0.9954820672953842,C
20898,33,90.98,1.44109149188295e-05,0.9954964782103031,C
90082A,14,90.7,1.4366563894678345e-05,0.9955108447741977,C
84809A,43,90.30000000000001,1.4303205288748122e-05,0.9955251479794864,C
90010E,10,90.28999999999999,1.4301621323599862e-05,0.9955394496008101,C
90124B,9,89.81,1.4225590996483595e-05,0.9955536751918066,C
90122A,18,89.45,1.4168568251146393e-05,0.9955678437600577,C
90115,36,89.35,1.4152728599663837e-05,0.9955819964886573,C
90125D,80,89.31,1.4146392739070814e-05,0.9955961428813964,C
21808,25,89.15,1.4121049296698726e-05,0.9956102639306931,C
20893,33,88.97,1.4092537924030123e-05,0.9956243564686171,C
90185C,21,88.95,1.4089369993733614e-05,0.9956384458386108,C
90198B,21,88.85,1.4073530342251056e-05,0.995652519368953,C
35972,71,88.75,1.4057690690768501e-05,0.9956665770596438,C
90200C,21,88.29,1.3984828293948744e-05,0.9956805618879377,C
84306,10,88.22,1.3973740537910954e-05,0.9956945356284757,C
90036D,11,87.4,1.3843855395753995e-05,0.9957083794838714,C
23512,42,87.36,1.383751953516097e-05,0.9957222170034066,C
46000R,60,87.0,1.378049678982377e-05,0.9957359975001964,C
84508B,34,86.69999999999999,1.37329778353761e-05,0.9957497304780317,C
84952C,28,86.13,1.3642691821925531e-05,0.9957633731698536,C
22395,36,85.86,1.359992476292263e-05,0.9957769730946165,C
75172,93,85.31,1.3512806679768572e-05,0.9957904859012963,C
21147,36,85.3,1.3511222714620316e-05,0.9958039971240109,C
84569B,59,84.64,1.3406681014835446e-05,0.9958174038050257,C
90122C,17,84.52000000000001,1.338767343305638e-05,0.9958307914784588,C
90073,17,84.44,1.3375001711870334e-05,0.9958441664801706,C
22879,44,84.03999999999999,1.3311643105940109e-05,0.9958574781232765,C
21904,40,84.0,1.3305307245347088e-05,0.9958707834305218,C
46000U,67,83.75,1.3265708116640698e-05,0.9958840491386385,C
23508,198,83.57000000000001,1.3237196743972097e-05,0.9958972863353824,C
16258A,186,83.44999999999999,1.3218189162193028e-05,0.9959105045245447,C
21698,149,83.39,1.3208685371303496e-05,0.995923713209916,C
22016,1,83.33,1.3199181580413962e-05,0.9959369123914964,C
90123A,14,83.3,1.3194429684969195e-05,0.9959501068211813,C
90123C,14,83.29,1.3192845719820941e-05,0.9959632996669011,C
72051S,121,83.22999999999999,1.3183341928931404e-05,0.99597648300883,C
20661,31,82.92,1.3134239009335483e-05,0.9959896172478393,C
85130A,50,82.49999999999999,1.3067712473108745e-05,0.9960026849603124,C
20657,59,82.36,1.3045536961033168e-05,0.9960157304972734,C
90183A,28,82.16000000000001,1.3013857658068059e-05,0.9960287443549315,C
35649,27,82.16,1.3013857658068055e-05,0.9960417582125896,C
16049,504,82.08,1.3001185936882012e-05,0.9960547593985264,C
22598,142,81.94,1.2979010424806433e-05,0.9960677384089512,C
21117,61,81.75,1.2948915086989577e-05,0.9960806873240382,C
79191B,96,81.6,1.2925155609765742e-05,0.996093612479648,C
90134,28,81.38,1.2890308376504118e-05,0.9961065027880245,C
20836,98,81.33999999999999,1.2883972515911094e-05,0.9961193867605403,C
10080,206,81.25999999999999,1.2871300794725051e-05,0.9961322580613351,C
21286,52,81.13999999999999,1.2852293212945982e-05,0.996145110354548,C
90170,49,80.85,1.2806358223646571e-05,0.9961579167127717,C
35967,167,80.25,1.2711320314751236e-05,0.9961706280330864,C
22044,276,80.04,1.2678057046637868e-05,0.9961833060901331,C
90000D,13,80.01,1.2673305151193102e-05,0.9961959793952843,C
90209A,44,79.80000000000001,1.2640041883079735e-05,0.9962086194371673,C
20795,37,79.73,1.2628954127041945e-05,0.9962212483912943,C
90180A,8,79.63,1.2613114475559387e-05,0.9962338615057699,C
35964,117,78.89,1.2495901054588473e-05,0.9962463574068244,C
21815,46,78.88,1.2494317089440218e-05,0.9962588517239139,C
20901,18,78.78,1.2478477437957662e-05,0.9962713302013518,C
84847,21,78.75,1.2473725542512896e-05,0.9962838039268943,C
22407,62,78.71,1.2467389681919871e-05,0.9962962713165763,C
84531B,151,77.81,1.2324832818576869e-05,0.9963085961493948,C
84192,62,77.5,1.2275729898980944e-05,0.9963208718792939,C
90096,31,76.63,1.2137924931082705e-05,0.9963330098042249,C
20758,90,76.5,1.2117333384155383e-05,0.996345127137609,C
21331,6,76.5,1.2117333384155383e-05,0.9963572444709932,C
21841,18,76.5,1.2117333384155383e-05,0.9963693618043773,C
85064,14,76.3,1.208565408119027e-05,0.9963814474584585,C
23036,61,76.25,1.2077734255448993e-05,0.996393525192714,C
35638A,35,76.25,1.2077734255448993e-05,0.9964056029269694,C
16207B,29,76.14,1.2060310638818182e-05,0.9964176632376083,C
21190,52,75.8,1.2006455823777491e-05,0.996429669693432,C
84801A,36,75.60000000000001,1.197477652081238e-05,0.9964416444699529,C
84898F,35,75.53,1.196368876477459e-05,0.9964536081587176,C
90164A,10,75.24,1.1917753775475176e-05,0.9964655259124932,C
21420,20,75.14,1.1901914123992622e-05,0.9964774278266172,C
23185,180,75.11999999999999,1.1898746193696109e-05,0.9964893265728109,C
72130,124,74.93,1.1868650855879255e-05,0.9965011952236668,C
72812,24,74.76,1.1841723448358908e-05,0.9965130369471151,C
85198,90,74.58,1.1813212075690307e-05,0.9965248501591908,C
21087,141,74.57000000000001,1.1811628110542052e-05,0.9965366617873014,C
20821,15,74.25,1.1760941225797872e-05,0.9965484227285272,C
72800B,29,73.94999999999999,1.1713422271350202e-05,0.9965601361507985,C
84827,241,73.85,1.1697582619867647e-05,0.9965718337334184,C
90030C,69,73.82,1.169283072442288e-05,0.9965835265641428,C
16169K,175,73.5,1.1642143839678701e-05,0.9965951687079825,C
85197,35,73.5,1.1642143839678701e-05,0.9966068108518221,C
35916B,89,73.39,1.162472022304789e-05,0.9966184355720452,C
84661B,22,72.56,1.1493251115742675e-05,0.9966299288231609,C
21817,149,72.37,1.1463155777925819e-05,0.9966413919789389,C
20775,44,72.36,1.1461571812777562e-05,0.9966528535507516,C
16033,600,72.0,1.1404549067440361e-05,0.9966642580998191,C
90119,29,71.59,1.1339606496361882e-05,0.9966755977063154,C
72780,84,71.39999999999999,1.1309511158545024e-05,0.996686907217474,C
84249A,157,71.27,1.1288919611617702e-05,0.9966981961370857,C
82011C,19,71.25,1.128575168132119e-05,0.996709481888767,C
90003C,19,71.17,1.1273079960135146e-05,0.9967207549687271,C
84508C,26,71.11999999999999,1.1265160134393867e-05,0.9967320201288615,C
84666,18,71.10000000000001,1.1261992204097357e-05,0.9967432821210657,C
23415,42,70.94,1.1236648761725267e-05,0.9967545187698273,C
47589,13,70.85000000000001,1.1222393075390967e-05,0.9967657411629027,C
20980,74,70.66,1.119229773757411e-05,0.9967769334606403,C
21226,85,70.55,1.1174874120943297e-05,0.9967881083347613,C
90101,28,70.53,1.1171706190646787e-05,0.996799280040952,C
37479B,128,70.44,1.1157450504312486e-05,0.9968104374914563,C
23058,61,70.26,1.1128939131643887e-05,0.996821566430588,C
17084P,304,70.2,1.1119435340754353e-05,0.9968326858659287,C
90214A,73,69.95,1.1079836212047963e-05,0.9968437657021407,C
35933,184,69.92,1.1075084316603195e-05,0.9968548407864574,C
16020C,84,69.89999999999999,1.1071916386306682e-05,0.9968659127028436,C
90125C,77,69.85,1.1063996560565405e-05,0.9968769766994042,C
46126A,52,69.84,1.106241259541715e-05,0.9968880391119996,C
82613A,52,69.84,1.106241259541715e-05,0.996899101524595,C
90124C,7,69.71,1.1041821048489826e-05,0.9969101433456435,C
23151,27,69.7,1.1040237083341572e-05,0.9969211835827269,C
79403,78,68.63999999999999,1.0872336777626476e-05,0.9969320559195045,C
90063A,8,68.0,1.077096300813812e-05,0.9969428268825127,C
90185B,16,67.6,1.0707604402207894e-05,0.9969535344869149,C
84927E,53,67.56,1.0701268541614872e-05,0.9969642357554566,C
82011B,18,67.5,1.0691764750725338e-05,0.9969749275202073,C
90016A,8,67.46000000000001,1.0685428890132317e-05,0.9969856129490975,C
90130B,23,67.22,1.064741372657418e-05,0.9969962603628241,C
22157,79,67.14999999999999,1.063632597053639e-05,0.9970068966887946,C
21678,77,67.13,1.0633158040239881e-05,0.9970175298468349,C
90070,11,66.85000000000001,1.0588807016088725e-05,0.997028118653851,C
84686,49,66.39,1.0515944619268967e-05,0.9970386345984703,C
20941,53,66.25,1.0493769107193388e-05,0.9970491283675775,C
81952V,348,66.12,1.0473177560266066e-05,0.9970596015451378,C
84549,37,66.09,1.0468425664821298e-05,0.9970700699708026,C
84251B,237,66.08,1.0466841699673041e-05,0.9970805368125023,C
90030A,66,66.0,1.0454169978486998e-05,0.9970909909824808,C
84874B,40,65.86,1.043199446641142e-05,0.9971014229769471,C
21372,52,65.7,1.040665102403933e-05,0.9971118296279712,C
20781,11,65.69,1.0405067058891073e-05,0.99712223469503,C
20662,25,65.52000000000001,1.037813965137073e-05,0.9971326128346814,C
85188B,76,65.38,1.035596413929515e-05,0.9971429687988207,C
20653,55,65.32,1.0346460348405616e-05,0.9971533152591691,C
16054,544,65.28,1.0340124487812595e-05,0.9971636553836569,C
84531A,141,64.99,1.0294189498513181e-05,0.9971739495731554,C
90161A,13,64.84,1.0270430021289348e-05,0.9971842200031767,C
85136C,8,64.62,1.0235582788027724e-05,0.9971944555859648,C
20773,39,64.35,1.0192815729024821e-05,0.9972046484016938,C
84231,95,64.18,1.0165888321504478e-05,0.9972148142900152,C
84927A,48,64.14,1.0159552460911456e-05,0.9972249738424761,C
90181B,7,64.05,1.0145296774577154e-05,0.9972351191392507,C
90184A,7,64.03,1.0142128844280643e-05,0.997245261268095,C
71496A,105,64.02000000000001,1.014054487913239e-05,0.9972554018129741,C
90013C,16,64.0,1.0137376948835877e-05,0.997265539189923,C
20664,26,63.96,1.0131041088242855e-05,0.9972756702310113,C
85096,16,63.87,1.0116785401908553e-05,0.9972857870164131,C
84875D,51,63.75,1.0097777820129486e-05,0.9972958847942333,C
90039D,17,63.69,1.0088274029239952e-05,0.9973059730682625,C
90003D,17,63.65,1.008193816864693e-05,0.9973160550064312,C
35815P,162,63.28000000000001,1.0023331458161474e-05,0.9973260783378893,C
90191,5,63.21,1.0012243702123684e-05,0.9973360905815915,C
17091A,118,63.11,9.996404050641127e-06,0.9973460869856421,C
90208,25,62.75,9.939381305303925e-06,0.9973560263669474,C
90010B,7,62.64999999999999,9.923541653821369e-06,0.9973659499086013,C
90013B,15,62.34,9.874438734225447e-06,0.9973758243473355,C
22408,43,62.22,9.855431152446378e-06,0.9973856797784879,C
84247K,21,61.95000000000001,9.812664093443479e-06,0.9973954924425813,C
23510,146,61.730000000000004,9.777816860181855e-06,0.9974052702594415,C
21736,44,61.620000000000005,9.760393243551042e-06,0.997415030652685,C
90000B,10,61.46000000000001,9.735049801178954e-06,0.9974247657024862,C
16151A,49,61.25,9.701786533065585e-06,0.9974344674890192,C
23417,35,61.029999999999994,9.666939299803961e-06,0.997444134428319,C
21655,36,60.84,9.636843961987105e-06,0.997453771272281,C
21032,54,60.79,9.628924136245826e-06,0.9974634001964172,C
90065A,9,60.75,9.622588275652804e-06,0.9974730227846929,C
84984A,13,60.45,9.575069321205137e-06,0.997482597854014,C
20757,69,60.21,9.537054157647002e-06,0.9974921349081717,C
90164B,8,60.2,9.535470192498747e-06,0.9975016703783641,C
17011F,79,60.050000000000004,9.511710715274912e-06,0.9975111820890794,C
79144C,90,59.61,9.442016248751665e-06,0.9975206241053282,C
22049,250,59.0,9.345394374708074e-06,0.9975299694997029,C
79071B,20,59.0,9.345394374708074e-06,0.9975393148940775,C
90177C,20,58.66000000000001,9.291539559667385e-06,0.9975486064336372,C
84798A,23,58.64999999999999,9.289955594519127e-06,0.9975578963892318,C
21804,16,58.62,9.28520369907436e-06,0.9975671815929308,C
84877A,40,58.16,9.212341302254602e-06,0.997576393934233,C
90174,23,58.16,9.212341302254602e-06,0.9975856062755353,C
51020B,187,58.06999999999999,9.1980856159203e-06,0.9975948043611512,C
84806A,40,57.99999999999999,9.186997859882512e-06,0.9976039913590111,C
84673A,83,57.870000000000005,9.166406312955191e-06,0.9976131577653241,C
84466,46,57.5,9.107799602469733e-06,0.9976222655649266,C
21038,67,57.25,9.068200473763343e-06,0.9976313337654004,C
79144B,101,57.23,9.065032543466832e-06,0.9976403987979439,C
21460,28,56.779999999999994,8.993754111795328e-06,0.9976493925520556,C
37343,42,56.699999999999996,8.981082390609283e-06,0.9976583736344462,C
44236,52,56.52,8.952571017940683e-06,0.9976673262054642,C
90108,51,56.370000000000005,8.92881154071685e-06,0.9976762550170049,C
84251G,190,56.36,8.927227575568593e-06,0.9976851822445805,C
35968,88,55.94,8.860701039341857e-06,0.9976940429456198,C
20868,104,55.89,8.85278121360058e-06,0.9977028957268335,C
17014A,130,55.83,8.843277422711046e-06,0.9977117390042561,C
35916A,80,55.8,8.83852552726628e-06,0.9977205775297834,C
90103,22,55.099999999999994,8.727647966888387e-06,0.9977293051777503,C
23506,129,55.0,8.711808315405832e-06,0.9977380169860657,C
21946,62,54.879999999999995,8.692800733626763e-06,0.9977467097867994,C
90081C,11,54.82000000000001,8.683296942737231e-06,0.9977553930837421,C
21910,33,54.44999999999999,8.624690232251772e-06,0.9977640177739743,C
90072,14,54.19,8.583507138397127e-06,0.9977726012811127,C
79323B,8,54.0,8.553411800580272e-06,0.9977811546929133,C
84597C,43,53.75,8.51381267187388e-06,0.9977896685055851,C
84247L,112,53.62,8.493221124946558e-06,0.9977981617267101,C
20851,9,53.550000000000004,8.48213336890877e-06,0.997806643860079,C
90123B,9,53.42,8.461541821981445e-06,0.997815105401901,C
20933,17,53.35,8.450454065943657e-06,0.9978235558559669,C
84750B,60,53.04,8.401351146347732e-06,0.9978319572071133,C
22042,126,52.94,8.385511494865176e-06,0.9978403427186081,C
21807,122,52.879999999999995,8.376007703975642e-06,0.9978487187263121,C
85160B,82,52.879999999999995,8.376007703975642e-06,0.9978570947340161,C
90163A,7,52.879999999999995,8.376007703975642e-06,0.99786547074172,C
84452,62,52.699999999999996,8.34749633130704e-06,0.9978738182380513,C
16161G,525,52.5,8.31581702834193e-06,0.9978821340550796,C
20663,21,52.5,8.31581702834193e-06,0.997890449872108,C
23574,7,52.5,8.31581702834193e-06,0.9978987656891363,C
90118,21,52.5,8.31581702834193e-06,0.9979070815061646,C
90003E,14,52.46,8.309481167748907e-06,0.9979153909873323,C
85230F,194,52.419999999999995,8.303145307155885e-06,0.9979236941326395,C
47503H,31,51.77,8.200187572519272e-06,0.997931894320212,C
21336,26,51.620000000000005,8.176428095295437e-06,0.9979400707483073,C
85028S,24,51.599999999999994,8.173260164998924e-06,0.9979482440084723,C
85049B,39,51.17,8.105149663623935e-06,0.9979563491581359,C
84984B,11,51.150000000000006,8.101981733327423e-06,0.9979644511398692,C
22769,1,51.02,8.081390186400101e-06,0.9979725325300556,C
46000P,12,51.0,8.07822225610359e-06,0.9979806107523117,C
85179A,17,50.83,8.051294848583243e-06,0.9979886620471603,C
90082B,8,50.8,8.046542953138476e-06,0.9979967085901135,C
47369B,26,50.699999999999996,8.03070330165592e-06,0.9980047392934152,C
90199C,8,50.68,8.02753537135941e-06,0.9980127668287865,C
90166,12,50.6,8.014863650173365e-06,0.9980207816924367,C
90018B,12,50.5,7.999023998690809e-06,0.9980287807164354,C
44242B,52,50.28,7.964176765429185e-06,0.9980367448932008,C
90177D,17,50.11000000000001,7.937249357908842e-06,0.9980446821425587,C
23509,119,49.980000000000004,7.916657810981518e-06,0.9980525988003697,C
90032,8,49.96,7.913489880685007e-06,0.9980605122902504,C
90124A,5,49.81,7.889730403461172e-06,0.9980684020206538,C
20894,13,49.71,7.873890751978615e-06,0.9980762759114058,C
20667,20,49.69,7.870722821682104e-06,0.9980841466342275,C
90129A,28,49.629999999999995,7.86121903079257e-06,0.9980920078532584,C
17090A,51,49.349999999999994,7.816868006641413e-06,0.998099824721265,C
21822,39,48.93,7.750341470414679e-06,0.9981075750627354,C
82011A,13,48.75,7.721830097746077e-06,0.9981152968928332,C
84597B,39,48.75,7.721830097746077e-06,0.998123018722931,C
90038A,13,48.69,7.712326306856544e-06,0.9981307310492378,C
90144,13,48.63,7.702822515967012e-06,0.9981384338717537,C
90040B,13,48.58,7.694902690225733e-06,0.998146128774444,C
35265,15,48.3,7.650551666074575e-06,0.99815377932611,C
84251C,114,48.29,7.64896770092632e-06,0.9981614282938109,C
90019B,9,48.260000000000005,7.644215805481554e-06,0.9981690725096164,C
84402B,61,48.19,7.633128049443764e-06,0.9981767056376658,C
84927D,47,48.04,7.60936857221993e-06,0.998184315006238,C
90031,43,47.95,7.59511288588563e-06,0.9981919101191239,C
90036F,6,47.94,7.593528920737374e-06,0.9981995036480447,C
21722,54,47.9,7.587193060144351e-06,0.9982070908411048,C
90000A,8,47.88,7.584025129847841e-06,0.9982146748662347,C
22415,6,47.7,7.5555137571792395e-06,0.9982222303799919,C
90036A,6,47.7,7.5555137571792395e-06,0.9982297858937491,C
21089,231,47.690000000000005,7.553929792030985e-06,0.9982373398235411,C
40046A,38,47.5,7.523834454214127e-06,0.9982448636579954,C
20793,7,47.25,7.4842353255077365e-06,0.9982523478933208,C
84715,16,47.2,7.476315499766459e-06,0.9982598242088206,C
90202D,16,47.0,7.444636196801347e-06,0.9982672688450175,C
90141A,9,46.800000000000004,7.412956893836235e-06,0.9982746818019114,C
84750A,24,46.8,7.412956893836234e-06,0.9982820947588052,C
84857B,24,46.8,7.412956893836234e-06,0.9982895077156991,C
47348A,95,46.41,7.351182253054266e-06,0.9982968588979522,C
84801B,22,46.2,7.317918984940899e-06,0.9983041768169371,C
21413,34,46.18,7.3147510546443875e-06,0.9983114915679917,C
90175B,5,45.94,7.2767358910862525e-06,0.9983187683038828,C
62094B,15,45.48,7.203873494266494e-06,0.9983259721773771,C
85006,51,45.449999999999996,7.199121598821727e-06,0.9983331712989759,C
16046,53,45.05,7.135762992891503e-06,0.9983403070619689,C
47341B,36,45.0,7.127843167150226e-06,0.998347434905136,C
84760S,31,44.949999999999996,7.119923341408947e-06,0.9983545548284775,C
84985A,31,44.949999999999996,7.119923341408947e-06,0.9983616747518189,C
90173,12,44.92,7.115171445964181e-06,0.9983687899232648,C
84859B,23,44.849999999999994,7.1040836899263905e-06,0.9983758940069548,C
90079,9,44.81,7.09774782933337e-06,0.9983829917547842,C
90175C,5,44.75,7.088244038443835e-06,0.9983900799988226,C
90059A,27,44.629999999999995,7.069236456664768e-06,0.9983971492352792,C
85232B,9,44.550000000000004,7.056564735478724e-06,0.9984042058000147,C
84881,7,44.449999999999996,7.0407250839961665e-06,0.9984112465250986,C
35818P,109,44.33,7.0217175022171e-06,0.9984182682426008,C
90214L,46,44.1,6.985286303807221e-06,0.9984252535289047,C
35819P,35,43.75,6.929847523618275e-06,0.9984321833764283,C
47344B,44,43.66,6.915591837283974e-06,0.9984390989682655,C
90204,13,43.5,6.890248394911885e-06,0.9984459892166605,C
72811,33,43.41,6.875992708577583e-06,0.998452865209369,C
90035A,4,42.87,6.7904585905717815e-06,0.9984596556679596,C
85167B,15,42.75,6.771451008792714e-06,0.9984664271189684,C
90024B,5,42.32,6.703340507417723e-06,0.9984731304594758,C
90029,5,42.14,6.674829134749123e-06,0.9984798052886106,C
90018C,10,42.1,6.6684932741561e-06,0.9984864737818847,C
90214C,41,42.07,6.663741378711333e-06,0.9984931375232634,C
17084A,200,42.0,6.652653622673544e-06,0.9984997901768861,C
17084J,200,42.0,6.652653622673544e-06,0.9985064428305087,C
22987,100,42.0,6.652653622673544e-06,0.9985130954841314,C
90038B,11,41.31,6.543360027443908e-06,0.9985196388441588,C
90022,11,41.15,6.518016585071817e-06,0.9985261568607439,C
90058B,108,41.04,6.500592968441006e-06,0.9985326574537123,C
90202A,14,40.96,6.487921247254961e-06,0.9985391453749596,C
22164,9,40.75,6.454657979141593e-06,0.9985456000329387,C
21344,3,40.69,6.445154188252059e-06,0.9985520451871269,C
47369A,20,40.52,6.4182267807317145e-06,0.9985584634139076,C
84661C,13,40.12,6.3548681748014896e-06,0.9985648182820824,C
85092,27,40.05,6.3437804187637e-06,0.9985711620625012,C
84679,2,39.9,6.320020941539867e-06,0.9985774820834428,C
90135,8,39.660000000000004,6.282005777981733e-06,0.9985837640892208,C
90040A,10,39.55,6.26458216135092e-06,0.9985900286713821,C
71406C,94,39.480000000000004,6.253494405313132e-06,0.9985962821657874,C
79063C,212,39.28,6.221815102348019e-06,0.9986025039808898,C
35910A,20,39.0,6.177464078196862e-06,0.998608681444968,C
47341A,27,38.75,6.137864949490472e-06,0.9986148193099175,C
90146,5,38.7,6.1299451237491946e-06,0.9986209492550412,C
20666,29,38.58,6.110937541970126e-06,0.9986270601925832,C
90214K,39,38.39,6.08084220415327e-06,0.9986331410347873,C
20848,13,38.35,6.074506343560248e-06,0.9986392155411309,C
21738,13,38.35,6.074506343560248e-06,0.9986452900474745,C
84746,14,38.31,6.068170482967226e-06,0.9986513582179575,C
90205C,23,38.269999999999996,6.061834622374203e-06,0.9986574200525798,C
90202B,13,38.05,6.026987389112579e-06,0.998663447039969,C
90023,9,38.04,6.025403423964324e-06,0.998669472443393,C
81952B,200,38.0,6.019067563371302e-06,0.9986754915109564,C
84033,23,37.95,6.011147737630024e-06,0.998681502658694,C
90199A,6,37.86,5.996892051295723e-06,0.9986874995507453,C
84809B,18,37.800000000000004,5.98738826040619e-06,0.9986934869390057,C
90163B,5,37.76,5.981052399813167e-06,0.9986994679914055,C
90155,5,37.64,5.9620448180341e-06,0.9987054300362236,C
37444A,49,37.59,5.954124992292822e-06,0.9987113841612159,C
90120D,9,37.540000000000006,5.946205166551545e-06,0.9987173303663824,C
84842,10,37.5,5.9398693059585216e-06,0.9987232702356884,C
90039B,10,37.5,5.9398693059585216e-06,0.9987292101049944,C
90214S,45,37.41,5.92561361962422e-06,0.998735135718614,C
21720,44,37.4,5.924029654475965e-06,0.9987410597482685,C
84548,22,36.3,5.7497934881678486e-06,0.9987468095417568,C
84226,51,36.21,5.735537801833548e-06,0.9987525450795586,C
90138,7,36.11,5.719698150350992e-06,0.9987582647777089,C
46138B,37,35.85,5.678515056496346e-06,0.9987639432927654,C
35400,4,35.8,5.670595230755068e-06,0.9987696138879961,C
84925D,14,35.699999999999996,5.654755579272512e-06,0.9987752686435754,C
35913B,36,35.48,5.619908346010888e-06,0.9987808885519214,C
84247N,12,35.400000000000006,5.607236624824845e-06,0.9987864957885462,C
84725,40,35.4,5.607236624824844e-06,0.998792103025171,C
90202C,12,35.27,5.586645077897522e-06,0.9987976896702488,C
21307,77,35.0,5.54387801889462e-06,0.9988032335482677,C
90131,5,34.870000000000005,5.523286471967298e-06,0.9988087568347397,C
20835,42,34.86,5.5217025068190415e-06,0.9988142785372465,C
90205A,21,34.81,5.513782681077764e-06,0.9988197923199276,C
90141B,7,34.790000000000006,5.510614750781253e-06,0.9988253029346783,C
90206A,7,34.71,5.497943029595207e-06,0.9988308008777079,C
20857,21,34.65,5.488439238705673e-06,0.9988362893169467,C
90064A,9,34.55,5.472599587223117e-06,0.998841761916534,C
79063D,185,34.38,5.4456721797027724e-06,0.9988472075887137,C
20827,88,34.32,5.436168388813239e-06,0.9988526437571025,C
90063B,4,34.0,5.38548150406906e-06,0.9988580292386066,C
81950B,117,33.93,5.37439374803127e-06,0.9988634036323546,C
84873A,2,33.9,5.369641852586503e-06,0.9988687732742072,C
90003B,9,33.83,5.358554096548714e-06,0.9988741318283038,C
84497,9,33.75,5.345882375362669e-06,0.9988794777106791,C
90038C,9,33.69,5.336378584473135e-06,0.9988848140892636,C
72134,62,33.62,5.325290828435346e-06,0.998890139380092,C
90071,27,33.51,5.307867211804534e-06,0.9988954472473037,C
84575A,13,33.35,5.282523769432445e-06,0.9989007297710731,C
37423,78,33.18,5.2555963619120994e-06,0.998905985367435,C
20697,13,33.15,5.2508444664673326e-06,0.9989112362119015,C
90098,13,33.15,5.2508444664673326e-06,0.9989164870563679,C
84522,18,32.86,5.20490947716792e-06,0.9989216919658451,C
90169,13,32.78,5.192237755981875e-06,0.9989268842036011,C
35833P,11,32.53,5.152638627275486e-06,0.9989320368422284,C
85129C,25,32.46,5.141550871237696e-06,0.9989371783930997,C
85185D,11,32.45,5.139966906089441e-06,0.9989423183600058,C
90214J,38,32.379999999999995,5.1288791500516505e-06,0.9989474472391559,C
72133,22,32.34,5.12254328945863e-06,0.9989525697824453,C
90190B,11,32.32,5.119375359162118e-06,0.9989576891578045,C
90177E,11,32.260000000000005,5.109871568272585e-06,0.9989627990293728,C
90190A,11,32.260000000000005,5.109871568272585e-06,0.9989679089009411,C
90177A,11,32.2,5.100367777383051e-06,0.9989730092687185,C
84510E,17,32.19,5.0987838122347945e-06,0.9989781080525307,C
37468,64,32.03,5.073440369862705e-06,0.9989831814929006,C
90036B,4,31.8,5.037009171452826e-06,0.998988218502072,C
90036C,4,31.75,5.029089345711548e-06,0.9989932475914177,C
15030,109,31.609999999999996,5.006913833635969e-06,0.9989982545052514,C
84846A,14,31.51,4.991074182153414e-06,0.9990032455794335,C
90125B,23,31.25,4.949891088298768e-06,0.9990081954705219,C
84751B,17,31.19,4.940387297409235e-06,0.9990131358578193,C
85031A,13,31.05,4.918211785333656e-06,0.9990180540696046,C
35819B,76,30.96,4.9039560989993555e-06,0.9990229580257036,C
21281,11,30.459999999999997,4.824757841586574e-06,0.9990277827835452,C
20869,57,30.37,4.810502155252275e-06,0.9990325932857005,C
21692,8,30.0,4.751895444766817e-06,0.9990373451811453,C
84805A,8,30.0,4.751895444766817e-06,0.9990420970765901,C
90064B,8,30.0,4.751895444766817e-06,0.9990468489720349,C
90176D,4,30.0,4.751895444766817e-06,0.9990516008674797,C
21310,1,29.95,4.743975619025539e-06,0.9990563448430987,C
90122B,6,29.93,4.740807688729028e-06,0.9990610856507874,C
21667,2,29.9,4.736055793284261e-06,0.9990658217065808,C
23038,36,29.879999999999995,4.732887862987749e-06,0.9990705545944437,C
90014C,3,29.849999999999998,4.728135967542983e-06,0.9990752827304112,C
21757,6,29.700000000000003,4.70437649031915e-06,0.9990799871069016,C
90081A,6,29.700000000000003,4.70437649031915e-06,0.999084691483392,C
90142D,6,29.700000000000003,4.70437649031915e-06,0.9990893958598823,C
90194,7,29.65,4.696456664577871e-06,0.9990940923165469,C
35816P,78,29.64,4.694872699429615e-06,0.9990987871892463,C
90011B,10,29.410000000000004,4.6584415010197365e-06,0.9991034456307473,C
20670,10,29.4,4.656857535871481e-06,0.9991081024882832,C
90182C,10,29.360000000000003,4.6505216752784584e-06,0.9991127530099585,C
90168,10,29.300000000000004,4.6410178843889255e-06,0.9991173940278429,C
85030,15,29.25,4.633098058647647e-06,0.9991220271259016,C
90183B,10,29.06,4.60300272083079e-06,0.9991266301286225,C
23469,7,29.050000000000004,4.601418755682535e-06,0.9991312315473782,C
17109D,59,28.97,4.588747034496489e-06,0.9991358202944126,C
20756,34,28.9,4.577659278458701e-06,0.999140397953691,C
20760,34,28.9,4.577659278458701e-06,0.9991449756129694,C
85179C,8,28.79,4.560235661827889e-06,0.9991495358486313,C
84803B,17,28.73,4.550731870938355e-06,0.9991540865805022,C
72801G,22,28.71,4.547563940641844e-06,0.9991586341444428,C
90214D,31,28.709999999999997,4.547563940641844e-06,0.9991631817083835,C
90129B,15,28.47,4.509548777083709e-06,0.9991676912571605,C
37444C,20,28.28,4.479453439266853e-06,0.9991721707105998,C
20698,11,28.049999999999997,4.443022240856974e-06,0.9991766137328407,C
47586A,11,28.049999999999997,4.443022240856974e-06,0.9991810567550816,C
84798B,11,28.049999999999997,4.443022240856974e-06,0.9991854997773225,C
90050,4,27.92,4.422430693929651e-06,0.9991899222080165,C
90051,4,27.92,4.422430693929651e-06,0.9991943446387105,C
90181A,3,27.64,4.378079669778494e-06,0.9991987227183803,C
21031,24,27.57,4.3669919137407045e-06,0.999203089710294,C
20818,13,27.46,4.3495682971098935e-06,0.9992074392785911,C
90214E,28,27.44,4.346400366813382e-06,0.999211785678958,C
90195A,3,27.439999999999998,4.3464003668133815e-06,0.9992161320793248,C
90058A,72,27.36,4.333728645627337e-06,0.9992204658079704,C
72131,14,27.299999999999997,4.324224854737803e-06,0.9992247900328252,C
20780,4,27.259999999999998,4.317888994144781e-06,0.9992291079218193,C
47420,143,27.17,4.303633307810481e-06,0.9992334115551271,C
79323P,4,27.0,4.276705900290136e-06,0.9992376882610274,C
84465,9,26.55,4.205427468618634e-06,0.999241893688496,C
84675,9,26.55,4.205427468618634e-06,0.9992460991159646,C
90059D,16,26.439999999999998,4.188003851987821e-06,0.9992502871198166,C
90177B,9,26.400000000000002,4.181667991394799e-06,0.999254468787808,C
84539,16,26.4,4.181667991394798e-06,0.9992586504557994,C
79406,117,26.35,4.173748165653521e-06,0.9992628242039651,C
17090D,21,26.25,4.157908514170965e-06,0.9992669821124792,C
84921,7,26.25,4.157908514170965e-06,0.9992711400209934,C
85008,6,26.25,4.157908514170965e-06,0.9992752979295075,C
90039A,7,26.23,4.154740583874454e-06,0.9992794526700914,C
90019C,5,26.1,4.1341490369471314e-06,0.9992835868191284,C
21461,11,25.81,4.088214047647718e-06,0.9992876750331761,C
84617,2,25.5,4.039111128051795e-06,0.9992917141443041,C
84840,3,25.5,4.039111128051795e-06,0.9992957532554321,C
84968B,2,25.5,4.039111128051795e-06,0.9992997923665601,C
71510,39,25.47,4.034359232607027e-06,0.9993038267257927,C
90024C,3,25.32,4.010599755383194e-06,0.9993078373255481,C
90026B,3,25.32,4.010599755383194e-06,0.9993118479253035,C
84922,5,25.29,4.005847859938427e-06,0.9993158537731635,C
17007B,12,25.200000000000003,3.991592173604127e-06,0.999319845365337,C
90141C,5,25.200000000000003,3.991592173604127e-06,0.9993238369575106,C
90129F,13,25.15,3.983672347862848e-06,0.9993278206298585,C
17136A,295,25.03,3.9646647660837815e-06,0.9993317852946245,C
90165A,10,24.98,3.956744940342503e-06,0.9993357420395649,C
23625,5,24.950000000000003,3.9519930448977365e-06,0.9993396940326098,C
23611,10,24.900000000000002,3.9440732191564584e-06,0.9993436381058289,C
90086,21,24.9,3.944073219156458e-06,0.9993475821790481,C
75013B,15,24.749999999999996,3.920313741932623e-06,0.99935150249279,C
90040C,7,24.73,3.917145811636113e-06,0.9993554196386016,C
90129C,11,24.53,3.885466508671001e-06,0.9993593051051103,C
85135A,3,23.85,3.7777568785896198e-06,0.9993630828619888,C
90123D,4,23.67,3.749245505921019e-06,0.9993668321074948,C
35909A,8,23.6,3.7381577498832296e-06,0.9993705702652447,C
35909B,8,23.6,3.7381577498832296e-06,0.9993743084229946,C
84086B,8,23.6,3.7381577498832296e-06,0.9993780465807445,C
84706F,8,23.6,3.7381577498832296e-06,0.9993817847384944,C
90162B,8,23.6,3.7381577498832296e-06,0.9993855228962443,C
90162C,8,23.6,3.7381577498832296e-06,0.9993892610539942,C
90178A,2,23.6,3.7381577498832296e-06,0.9993929992117441,C
10120,112,23.52,3.7254860286971846e-06,0.9993967246977727,C
85216,36,23.400000000000002,3.7064784469181176e-06,0.9994004311762197,C
90060F,4,23.400000000000002,3.7064784469181176e-06,0.9994041376546666,C
35910B,12,23.4,3.706478446918117e-06,0.9994078441331136,C
90210A,8,23.4,3.706478446918117e-06,0.9994115506115605,C
90187B,7,23.36,3.7001425863250947e-06,0.9994152507541468,C
90176C,3,23.32,3.6938067257320726e-06,0.9994189445608725,C
84613A,5,23.25,3.6827189696942833e-06,0.9994226272798422,C
84984D,5,23.25,3.6827189696942833e-06,0.9994263099988119,C
90085,20,23.24,3.6811350045460272e-06,0.9994299911338165,C
90059F,14,23.139999999999997,3.665295353063471e-06,0.9994336564291696,C
23484,8,23.12,3.6621274227669606e-06,0.9994373185565923,C
85206B,14,23.099999999999998,3.658959492470449e-06,0.9994409775160848,C
22351,13,23.089999999999996,3.657375527322193e-06,0.9994446348916122,C
90037B,9,22.799999999999997,3.6114405380227807e-06,0.9994482463321502,C
85017C,45,22.77,3.6066886425780142e-06,0.9994518530207929,C
85026B,23,22.669999999999998,3.590848991095458e-06,0.9994554438697839,C
90165B,9,22.5,3.563921583575113e-06,0.9994590077913675,C
90214I,21,22.47,3.559169688130346e-06,0.9994625669610556,C
90002D,6,22.46,3.5575857229820904e-06,0.9994661245467786,C
79191D,21,21.779999999999998,3.449876092900709e-06,0.9994695744228715,C
90035C,2,21.5,3.4055250687495523e-06,0.9994729799479403,C
84387A,11,21.45,3.397605243008274e-06,0.9994763775531833,C
71495A,53,21.43,3.394437312711763e-06,0.999479771990496,C
20759,25,21.25,3.365925940043162e-06,0.9994831379164361,C
90120A,5,21.25,3.365925940043162e-06,0.9994865038423761,C
90001D,5,21.240000000000002,3.364341974894907e-06,0.999489868184351,C
90214M,25,21.23,3.362758009746651e-06,0.9994932309423608,C
90087,13,21.22,3.3611740445983953e-06,0.9994965921164054,C
90125E,11,21.05,3.33424663707805e-06,0.9994999263630425,C
20798,10,21.0,3.326326811336772e-06,0.9995032526898538,C
17001,72,20.88,3.3073192295577046e-06,0.9995065600090834,C
71495B,54,20.62,3.2661361357030592e-06,0.9995098261452191,C
72140E,24,20.4,3.2312889024414355e-06,0.9995130574341216,C
90186A,7,20.4,3.2312889024414355e-06,0.999516288723024,C
90214G,23,20.369999999999997,3.2265370069966682e-06,0.999519515260031,C
90141D,4,20.36,3.224953041848413e-06,0.9995227402130729,C
90190C,7,20.35,3.223369076700158e-06,0.9995259635821495,C
22830,2,20.0,3.1679302965112115e-06,0.999529131512446,C
90012A,2,19.96,3.161594435918189e-06,0.999532293106882,C
21681,2,19.9,3.1520906450286552e-06,0.999535445197527,C
23471,2,19.9,3.1520906450286552e-06,0.9995385972881721,C
90136,2,19.9,3.1520906450286552e-06,0.9995417493788171,C
90180B,2,19.9,3.1520906450286552e-06,0.9995449014694622,C
90157,4,19.86,3.1457547844356328e-06,0.9995480472242466,C
90159,4,19.86,3.1457547844356328e-06,0.9995511929790311,C
90156,4,19.8,3.1362509935460994e-06,0.9995543292300246,C
37487B,68,19.72,3.1235792723600545e-06,0.999557452809297,C
21040,18,19.5,3.088732039098431e-06,0.9995605415413361,C
85028L,10,19.5,3.088732039098431e-06,0.9995636302733752,C
79062D,52,19.4,3.072892387615875e-06,0.9995667031657629,C
16254,18,19.2,3.041213084650763e-06,0.9995697443788476,C
90093,18,19.2,3.041213084650763e-06,0.9995727855919323,C
90214R,22,19.14,3.031709293761229e-06,0.999575817301226,C
85047,3,19.049999999999997,3.0174536074269286e-06,0.9995788347548334,C
85067,1,18.95,3.001613955944373e-06,0.9995818363687894,C
21690,5,18.75,2.9699346529792608e-06,0.9995848063034424,C
72709,22,18.7,2.9620148272379827e-06,0.9995877683182696,C
90199D,3,18.69,2.960430862089727e-06,0.9995907287491317,C
84856S,4,18.6,2.946175175755427e-06,0.9995936749243074,C
90075,2,18.52,2.933503454569382e-06,0.999596608427762,C
90076,7,18.259999999999998,2.8923203607147357e-06,0.9995995007481228,C
35607B,96,18.240000000000002,2.8891524304182253e-06,0.9996023899005532,C
20778,11,18.15,2.8748967440839243e-06,0.9996052647972973,C
21651,11,18.15,2.8748967440839243e-06,0.9996081396940414,C
72821,11,18.15,2.8748967440839243e-06,0.9996110145907855,C
90129E,11,17.93,2.840049510822301e-06,0.9996138546402963,C
90074,2,17.9,2.835297615377534e-06,0.9996166899379116,C
21661,3,17.85,2.8273777896362565e-06,0.9996195173157013,C
90152A,3,17.85,2.8273777896362565e-06,0.999622344693491,C
90179C,3,17.72,2.806786242708933e-06,0.9996251514797337,C
90210B,6,17.700000000000003,2.8036183124124225e-06,0.9996279550980461,C
84993B,42,17.64,2.7941145215228884e-06,0.9996307492125677,C
90067A,6,17.55,2.779858835188588e-06,0.9996335290714029,C
79331,26,17.5,2.77193900944731e-06,0.9996363010104123,C
35597D,46,17.48,2.768771079150799e-06,0.9996390697814915,C
21816,12,17.4,2.756099357964754e-06,0.9996418258808495,C
90214N,19,17.07,2.703828508072319e-06,0.9996445297093576,C
47574B,4,17.0,2.69274075203453e-06,0.9996472224501096,C
90001B,4,17.0,2.69274075203453e-06,0.9996499151908617,C
90024F,2,17.0,2.69274075203453e-06,0.9996526079316137,C
90026A,2,17.0,2.69274075203453e-06,0.9996553006723657,C
90026D,2,17.0,2.69274075203453e-06,0.9996579934131178,C
37471,13,16.83,2.6658133445141842e-06,0.9996606592264623,C
90024D,2,16.82,2.664229379365929e-06,0.9996633234558416,C
90026C,2,16.82,2.664229379365929e-06,0.999665987685221,C
90001A,4,16.8,2.6610614490694178e-06,0.99966864874667,C
90016C,2,16.64,2.635718006697328e-06,0.9996712844646768,C
23466,2,16.5,2.6135424946217495e-06,0.9996738980071714,C
90104,20,16.5,2.6135424946217495e-06,0.9996765115496661,C
90137,3,16.310000000000002,2.583447156804893e-06,0.9996790949968228,C
35647,13,16.25,2.5739433659153594e-06,0.9996816689401887,C
84824,1,15.95,2.526424411467691e-06,0.9996841953646002,C
84795C,2,15.9,2.518504585726413e-06,0.999686713869186,C
90214B,19,15.79,2.501080969095601e-06,0.9996892149501551,C
90214H,18,15.78,2.4994970039473456e-06,0.999691714447159,C
20816,8,15.6,2.4709856312787448e-06,0.9996941854327903,C
44092C,18,15.299999999999999,2.4234666768310765e-06,0.9996966088994671,C
90099,6,15.299999999999999,2.4234666768310765e-06,0.9996990323661439,C
72024U,72,15.120000000000001,2.394955304162476e-06,0.9997014273214481,C
90033,6,15.02,2.3791156526799195e-06,0.9997038064371008,C
21416,4,15.0,2.3759477223834087e-06,0.9997061823848231,C
84415A,12,15.0,2.3759477223834087e-06,0.9997085583325455,C
84462,12,15.0,2.3759477223834087e-06,0.9997109342802678,C
84705C,12,15.0,2.3759477223834087e-06,0.9997133102279901,C
90176E,2,15.0,2.3759477223834087e-06,0.9997156861757125,C
90212C,4,15.0,2.3759477223834087e-06,0.9997180621234348,C
90133,3,14.940000000000001,2.366443931493875e-06,0.9997204285673663,C
90212B,4,14.94,2.366443931493875e-06,0.9997227950112978,C
21392,19,14.89,2.358524105752597e-06,0.9997251535354036,C
90059B,9,14.889999999999999,2.358524105752597e-06,0.9997275120595094,C
90059C,9,14.889999999999999,2.358524105752597e-06,0.9997298705836152,C
90043,3,14.850000000000001,2.352188245159575e-06,0.9997322227718604,C
90046,3,14.850000000000001,2.352188245159575e-06,0.9997345749601055,C
90048,3,14.850000000000001,2.352188245159575e-06,0.9997369271483507,C
90049,3,14.850000000000001,2.352188245159575e-06,0.9997392793365959,C
90141E,3,14.850000000000001,2.352188245159575e-06,0.9997416315248411,C
90059E,9,14.849999999999998,2.352188245159574e-06,0.9997439837130863,C
20960,6,14.76,2.3379325588252738e-06,0.999746321645645,C
84593,5,14.750000000000002,2.3363485936770186e-06,0.9997486579942387,C
85089,5,14.750000000000002,2.3363485936770186e-06,0.9997509943428324,C
72799C,5,14.75,2.3363485936770186e-06,0.9997533306914261,C
90186B,5,14.66,2.322092907342718e-06,0.9997556527843334,C
90041,4,14.540000000000001,2.303085325563651e-06,0.999757955869659,C
21814,9,14.52,2.2999173952671393e-06,0.9997602557870543,C
16202B,29,14.5,2.2967494649706284e-06,0.9997625525365192,C
84199,68,14.280000000000001,2.261902231709005e-06,0.999764814438751,C
62043B,17,14.11,2.2349748241886596e-06,0.9997670494135752,C
79336,36,13.680000000000003,2.166864322813669e-06,0.999769216277898,C
84745A,32,13.44,2.128849159255534e-06,0.9997713451270573,C
84745B,32,13.44,2.128849159255534e-06,0.9997734739762166,C
37489B,26,13.26,2.100337786586933e-06,0.9997755743140032,C
37491C,8,13.2,2.090833995697399e-06,0.9997776651479989,C
37491A,4,13.16,2.084498135104377e-06,0.999779749646134,C
16162L,20,13.0,2.0591546927322876e-06,0.9997818088008268,C
47013C,52,12.969999999999999,2.0544027972875203e-06,0.9997838632036241,C
20695,3,12.75,2.0195555640258975e-06,0.9997858827591881,C
35645,3,12.75,2.0195555640258975e-06,0.9997879023147521,C
90094,5,12.75,2.0195555640258975e-06,0.9997899218703161,C
90196A,1,12.75,2.0195555640258975e-06,0.9997919414258801,C
90001C,3,12.64,2.0021319473950856e-06,0.9997939435578275,C
84415B,6,12.5,1.9799564353195073e-06,0.9997959235142628,C
90020,1,12.48,1.976788505022996e-06,0.9997979003027678,C
90196B,1,12.48,1.976788505022996e-06,0.9997998770912728,C
22125,1,12.46,1.973620574726485e-06,0.9998018507118476,C
90013D,3,12.450000000000001,1.9720366095782292e-06,0.9998038227484571,C
72369A,8,12.42,1.9672847141334623e-06,0.9998057900331713,C
84016,27,12.16,1.9261016202788166e-06,0.9998077161347916,C
90021,1,11.95,1.8928383521654487e-06,0.9998096089731437,C
90211A,2,11.9,1.8849185264241708e-06,0.9998114938916701,C
44092B,14,11.899999999999999,1.8849185264241706e-06,0.9998133788101965,C
47593A,31,11.87,1.8801666309794037e-06,0.9998152589768274,C
16043,98,11.759999999999998,1.862743014348592e-06,0.9998171217198418,C
90210C,4,11.75,1.8611590492003367e-06,0.999818982878891,C
37489C,22,11.7,1.8532392234590586e-06,0.9998208361181145,C
72132,6,11.7,1.8532392234590586e-06,0.9998226893573379,C
78034B,6,11.7,1.8532392234590586e-06,0.9998245425965613,C
84706D,6,11.7,1.8532392234590586e-06,0.9998263958357847,C
90130C,4,11.66,1.8469033628660363e-06,0.9998282427391476,C
90211B,2,11.64,1.843735432569525e-06,0.9998300864745802,C
90027C,4,11.6,1.8373995719765026e-06,0.9998319238741521,C
35818B,30,11.400000000000002,1.8057202690113908e-06,0.9998337295944211,C
90025D,3,11.19,1.7724570008980227e-06,0.999835502051422,C
37488A,28,10.92,1.7296899418951213e-06,0.999837231741364,C
90056,1,10.82,1.7138502904125655e-06,0.9998389455916544,C
79026B,25,10.61,1.6805870222991976e-06,0.9998406261786768,C
35966,27,10.260000000000002,1.6251482421102517e-06,0.9998422513269188,C
18097A,4,10.2,1.6156444512207178e-06,0.9998438669713701,C
44228,12,10.2,1.6156444512207178e-06,0.9998454826158213,C
16162M,24,10.08,1.5966368694416505e-06,0.9998470792526908,C
44089C,24,10.08,1.5966368694416505e-06,0.9998486758895603,C
90132,2,10.07,1.5950529042933949e-06,0.9998502709424646,C
90037C,4,10.04,1.590301008848628e-06,0.9998518612434735,C
90034,1,9.98,1.5807972179590945e-06,0.9998534420406914,C
23629,4,9.96,1.5776292876625835e-06,0.999855019669979,C
84689,3,9.95,1.5760453225143276e-06,0.9998565957153015,C
20820,2,9.9,1.5681254967730497e-06,0.9998581638407983,C
23114,2,9.9,1.5681254967730497e-06,0.9998597319662951,C
23115,2,9.9,1.5681254967730497e-06,0.9998613000917919,C
23117,2,9.9,1.5681254967730497e-06,0.9998628682172886,C
72798C,6,9.899999999999999,1.5681254967730495e-06,0.9998644363427854,C
85024C,6,9.899999999999999,1.5681254967730495e-06,0.9998660044682822,C
37491D,4,9.879999999999999,1.5649575664765383e-06,0.9998675694258486,C
84388,22,9.84,1.558621705883516e-06,0.9998691280475546,C
37489D,25,9.75,1.5443660195492156e-06,0.9998706724135741,C
44242A,12,9.48,1.5015989605463142e-06,0.9998721740125346,C
17165D,9,9.450000000000001,1.4968470651015476e-06,0.9998736708595997,C
37489A,24,9.36,1.4825913787672467e-06,0.9998751534509784,C
35809B,8,9.18,1.454080006098646e-06,0.9998766075309845,C
90181C,1,9.15,1.4493281106538793e-06,0.9998780568590951,C
90214F,11,9.129999999999999,1.4461601803573679e-06,0.9998795030192755,C
90214T,11,9.129999999999999,1.4461601803573679e-06,0.9998809491794559,C
37351,10,9.06,1.435072424319579e-06,0.9998823842518803,C
90162D,3,8.850000000000001,1.4018091562062113e-06,0.9998837860610365,C
90011E,3,8.76,1.3875534698719105e-06,0.9998851736145064,C
21357,7,8.75,1.385969504723655e-06,0.9998865595840111,C
90183C,3,8.75,1.385969504723655e-06,0.9998879455535158,C
90214P,9,8.75,1.385969504723655e-06,0.9998893315230205,C
90214V,10,8.74,1.3843855395753994e-06,0.99989071590856,C
90011A,3,8.7,1.378049678982377e-06,0.9998920939582391,C
84732B,22,8.58,1.3590420972033097e-06,0.9998934530003363,C
44265,2,8.5,1.346370376017265e-06,0.9998947993707122,C
90102,10,8.5,1.346370376017265e-06,0.9998961457410882,C
90024E,1,8.32,1.317859003348664e-06,0.9998974636000916,C
21488,1,8.29,1.313107107903897e-06,0.9998987767071995,C
81950V,20,8.04,1.273507979197507e-06,0.9999000502151787,C
84562A,1,7.95,1.2592522928632065e-06,0.9999013094674716,C
84924F,10,7.9,1.2513324671219286e-06,0.9999025607999387,C
16244B,7,7.85,1.2434126413806505e-06,0.9999038042125801,C
85189,9,7.6499999999999995,1.2117333384155383e-06,0.9999050159459185,C
90042C,3,7.62,1.2069814429707716e-06,0.9999062229273615,C
16202E,15,7.5,1.1879738611917044e-06,0.9999074109012227,C
16248B,6,7.5,1.1879738611917044e-06,0.9999085988750839,C
21836,2,7.5,1.1879738611917044e-06,0.999909786848945,C
37379A,6,7.5,1.1879738611917044e-06,0.9999109748228062,C
72815,2,7.5,1.1879738611917044e-06,0.9999121627966674,C
84805B,2,7.5,1.1879738611917044e-06,0.9999133507705286,C
85160A,6,7.5,1.1879738611917044e-06,0.9999145387443897,C
90068,1,7.5,1.1879738611917044e-06,0.9999157267182509,C
90188,3,7.5,1.1879738611917044e-06,0.9999169146921121,C
90039C,2,7.48,1.1848059308951931e-06,0.999918099498043,C
90140,1,7.48,1.1848059308951931e-06,0.9999192843039739,C
90176A,1,7.48,1.1848059308951931e-06,0.9999204691099048,C
23613,3,7.470000000000001,1.1832219657469375e-06,0.9999216523318706,C
62097B,9,7.469999999999999,1.1832219657469373e-06,0.9999228355538363,C
90025F,2,7.46,1.1816380005986819e-06,0.9999240171918369,C
17164B,17,7.140000000000001,1.1309511158545026e-06,0.9999251481429527,C
90052,1,7.07,1.1198633598167132e-06,0.9999262680063126,C
84802B,4,6.76,1.0707604402207894e-06,0.9999273387667528,C
62074B,16,6.72,1.064424579627767e-06,0.9999284031913324,C
23614,2,6.66,1.0549207887382333e-06,0.9999294581121211,C
20678,4,6.6,1.0454169978486996e-06,0.9999305035291189,C
37491B,4,6.6,1.0454169978486996e-06,0.9999315489461168,C
90126C,2,6.58,1.0422490675521886e-06,0.9999325911951844,C
90083,4,6.52,1.0327452766626548e-06,0.999933623940461,C
90129D,4,6.52,1.0327452766626548e-06,0.9999346566857377,C
85195,3,6.300000000000001,9.978980434010318e-07,0.9999356545837811,C
85224,3,6.300000000000001,9.978980434010318e-07,0.9999366524818245,C
16206B,5,6.25,9.899782176597537e-07,0.9999376424600421,C
21228,5,6.25,9.899782176597537e-07,0.9999386324382598,C
90005A,3,6.09,9.64634775287664e-07,0.999939597073035,C
84856L,1,5.95,9.424592632120854e-07,0.9999405395322982,C
90152C,1,5.95,9.424592632120854e-07,0.9999414819915614,C
85017A,7,5.93,9.392913329155742e-07,0.9999424212828943,C
20906,2,5.9,9.345394374708074e-07,0.9999433558223318,C
37444B,2,5.9,9.345394374708074e-07,0.9999442903617694,C
45013,2,5.9,9.345394374708074e-07,0.9999452249012069,C
23623,2,5.82,9.218677162847625e-07,0.9999461467689231,C
23634,2,5.82,9.218677162847625e-07,0.9999470686366394,C
90179A,1,5.82,9.218677162847625e-07,0.9999479905043557,C
90067B,2,5.8,9.186997859882513e-07,0.9999489092041417,C
90182A,2,5.8,9.186997859882513e-07,0.9999498279039277,C
21839,1,5.45,8.632610057993051e-07,0.9999506911649335,C
81953P,28,5.32,8.426694588719823e-07,0.9999515338343924,C
20964,2,5.1,8.078222256103589e-07,0.999952341656618,C
84499,6,5.1,8.078222256103589e-07,0.9999531494788435,C
90042A,2,5.1,8.078222256103589e-07,0.9999539573010691,C
21393,13,5.07,8.030703301655921e-07,0.9999547603713992,C
84803A,3,5.07,8.030703301655921e-07,0.9999555634417293,C
90054,2,5.02,7.95150504424314e-07,0.9999563585922338,C
23620,2,4.98,7.888146438312917e-07,0.9999571474068776,C
23637,2,4.98,7.888146438312917e-07,0.9999579362215214,C
23640,2,4.98,7.888146438312917e-07,0.9999587250361652,C
90135A,1,4.98,7.888146438312917e-07,0.9999595138508091,C
37462E,17,4.970000000000001,7.872306786830361e-07,0.9999603010814877,C
90053,2,4.96,7.856467135347804e-07,0.9999610867282013,C
23116,1,4.95,7.840627483865249e-07,0.9999618707909497,C
35650,1,4.95,7.840627483865249e-07,0.9999626548536981,C
90081B,1,4.95,7.840627483865249e-07,0.9999634389164465,C
90127A,2,4.92,7.79310852941758e-07,0.9999642182272994,C
90128A,2,4.92,7.79310852941758e-07,0.9999649975381524,C
35817P,12,4.5600000000000005,7.222881076045563e-07,0.99996571982626,C
84732D,11,4.29,6.795210486016548e-07,0.9999663993473087,C
20703,1,4.25,6.731851880086325e-07,0.9999670725324967,C
71215,10,4.2,6.652653622673544e-07,0.999967737797859,C
23610,2,4.16,6.58929501674332e-07,0.9999683967273606,C
23461,1,4.15,6.573455365260764e-07,0.9999690540728972,C
90214Z,5,4.1499999999999995,6.573455365260762e-07,0.9999697114184337,C
21594,1,4.13,6.541776062295651e-07,0.9999703655960399,C
44091A,9,3.78,5.987388260406189e-07,0.999970964334866,C
79192A,3,3.75,5.939869305958522e-07,0.9999715583217966,C
90025A,1,3.75,5.939869305958522e-07,0.9999721523087273,C
90025B,1,3.73,5.908190002993409e-07,0.9999727431277275,C
90025E,1,3.73,5.908190002993409e-07,0.9999733339467278,C
16202A,7,3.5,5.54387801889462e-07,0.9999738883345297,C
10124A,8,3.36,5.322122898138835e-07,0.9999744205468195,C
10124G,8,3.36,5.322122898138835e-07,0.9999749527591093,C
90214W,4,3.34,5.290443595173723e-07,0.9999754818034688,C
23639,1,3.33,5.274603943691167e-07,0.9999760092638632,C
23644,1,3.33,5.274603943691167e-07,0.9999765367242576,C
90027D,1,3.32,5.25876429220861e-07,0.9999770626006868,C
90187A,1,3.32,5.25876429220861e-07,0.9999775884771159,C
35607A,2,3.26,5.163726383313274e-07,0.9999781048497542,C
90089,2,3.26,5.163726383313274e-07,0.9999786212223926,C
47013A,14,3.0399999999999996,4.81525405069704e-07,0.9999791027477977,C
23630,1,2.99,4.7360557932842614e-07,0.999979576353377,C
20935,1,2.95,4.672697187354037e-07,0.9999800436230957,C
44089A,7,2.94,4.656857535871481e-07,0.9999805093088493,C
90214Y,3,2.9299999999999997,4.641017884388924e-07,0.9999809734106377,C
23638,1,2.91,4.6093385814238127e-07,0.9999814343444959,C
90011C,1,2.9,4.5934989299412564e-07,0.999981893694389,C
90011D,1,2.9,4.5934989299412564e-07,0.999982353044282,C
90027A,1,2.9,4.5934989299412564e-07,0.999982812394175,C
90027B,1,2.9,4.5934989299412564e-07,0.999983271744068,C
90077,1,2.9,4.5934989299412564e-07,0.999983731093961,C
90130A,1,2.9,4.5934989299412564e-07,0.999984190443854,C
90130D,1,2.9,4.5934989299412564e-07,0.999984649793747,C
90182B,1,2.9,4.5934989299412564e-07,0.99998510914364,C
90210D,1,2.9,4.5934989299412564e-07,0.999985568493533,C
10123C,4,2.6,4.118309385464575e-07,0.9999859803244716,C
71496B,4,2.6,4.118309385464575e-07,0.9999863921554102,C
35443,3,2.55,4.0391111280517944e-07,0.999986796066523,C
85018D,1,2.55,4.0391111280517944e-07,0.9999871999776357,C
90055,1,2.55,4.0391111280517944e-07,0.9999876038887485,C
90100,1,2.55,4.0391111280517944e-07,0.9999880077998613,C
17028J,6,2.52,3.991592173604126e-07,0.9999884069590786,C
62096B,2,2.5,3.9599128706390143e-07,0.9999888029503657,C
23601,1,2.49,3.9440732191564586e-07,0.9999891973576877,C
23624,1,2.49,3.9440732191564586e-07,0.9999895917650096,C
23646,1,2.49,3.9440732191564586e-07,0.9999899861723315,C
23650,1,2.49,3.9440732191564586e-07,0.9999903805796534,C
22206,3,2.4899999999999998,3.9440732191564576e-07,0.9999907749869753,C
90037A,1,2.48,3.928233567673902e-07,0.999991167810332,C
90128C,1,2.46,3.89655426470879e-07,0.9999915574657585,C
90128D,1,2.46,3.89655426470879e-07,0.999991947121185,C
37330,6,2.34,3.706478446918117e-07,0.9999923177690296,C
79329,6,2.2800000000000002,3.6114405380227816e-07,0.9999926789130834,C
84201B,12,2.2800000000000002,3.6114405380227816e-07,0.9999930400571372,C
16010,18,2.16,3.4213647202321085e-07,0.9999933821936092,C
77079,1,2.12,3.358006114301884e-07,0.9999937179942207,C
21414,1,2.1,3.326326811336772e-07,0.9999940506269018,C
82605,1,2.1,3.326326811336772e-07,0.999994383259583,C
71050,6,2.0999999999999996,3.326326811336771e-07,0.9999947158922642,C
81953B,11,2.09,3.3104871598542155e-07,0.9999950469409802,C
23632,1,2.08,3.29464750837166e-07,0.999995376405731,C
84731,2,2.04,3.231288902441436e-07,0.9999956995346212,C
22146,1,1.95,3.088732039098431e-07,0.9999960084078251,C
22323,1,1.95,3.088732039098431e-07,0.999996317281029,C
40005B,2,1.7,2.6927407520345296e-07,0.9999965865551041,C
79149B,4,1.68,2.6610614490694177e-07,0.999996852661249,C
23607,1,1.66,2.629382146104305e-07,0.9999971155994637,C
90092,1,1.66,2.629382146104305e-07,0.9999973785376783,C
84551,1,1.65,2.613542494621749e-07,0.9999976398919278,C
21827,1,1.25,1.9799564353195072e-07,0.9999978378875714,C
84569C,1,1.25,1.9799564353195072e-07,0.9999980358832149,C
84743C,1,1.25,1.9799564353195072e-07,0.9999982338788584,C
84977,1,1.25,1.9799564353195072e-07,0.999998431874502,C
85225,1,1.25,1.9799564353195072e-07,0.9999986298701455,C
46115B,6,1.1400000000000001,1.8057202690113908e-07,0.9999988104421724,C
84206A,6,1.1400000000000001,1.8057202690113908e-07,0.9999989910141993,C
84990,2,1.1,1.7423616630811664e-07,0.9999991652503656,C
84201C,5,0.95,1.5047668908428255e-07,0.9999993157270547,C
84206C,5,0.95,1.5047668908428255e-07,0.9999994662037438,C
84534B,1,0.85,1.3463703760172648e-07,0.9999996008407814,C
90084,1,0.85,1.3463703760172648e-07,0.9999997354778191,C
90214O,1,0.83,1.3146910730521526e-07,0.9999998669469263,C
17174,1,0.42,6.652653622673544e-08,0.9999999334734626,C
84227,1,0.42,6.652653622673544e-08,0.9999999999999989,C
